output_file,output_bytes,output_MB_decimal,estimated_extracted_words,source_pdf,source_start_page,source_end_page,source_pages_in_output
HsHtoolkit_1.pdf,26091781,26.092,471819,D:\__SAT26\HsH_TOOLKIT\1-2-Nathan-Brian-Daniel.pdf,1,32,32
HsHtoolkit_1.pdf,26091781,26.092,471819,D:\__SAT26\HsH_TOOLKIT\4.2 Spike response model (SRM).pdf,1,16,16
HsHtoolkit_1.pdf,26091781,26.092,471819,D:\__SAT26\HsH_TOOLKIT\10.3934_cpaa.2026045.pdf,1,13,13
HsHtoolkit_1.pdf,26091781,26.092,471819,D:\__SAT26\HsH_TOOLKIT\59_On_the_Expressive_Power_of_.pdf,1,4,4
HsHtoolkit_1.pdf,26091781,26.092,471819,D:\__SAT26\HsH_TOOLKIT\123_Clifford_Algebraic_Rotor_E.pdf,1,5,5
HsHtoolkit_1.pdf,26091781,26.092,471819,D:\__SAT26\HsH_TOOLKIT\0712.0108.pdf,1,44,44
HsHtoolkit_1.pdf,26091781,26.092,471819,D:\__SAT26\HsH_TOOLKIT\1204.3714v6.pdf,1,99,99
HsHtoolkit_1.pdf,26091781,26.092,471819,D:\__SAT26\HsH_TOOLKIT\1305.5181v2.pdf,1,16,16
HsHtoolkit_1.pdf,26091781,26.092,471819,D:\__SAT26\HsH_TOOLKIT\1609.08072v1.pdf,1,92,92
HsHtoolkit_1.pdf,26091781,26.092,471819,D:\__SAT26\HsH_TOOLKIT\1707.08096v1.pdf,1,155,155
HsHtoolkit_1.pdf,26091781,26.092,471819,D:\__SAT26\HsH_TOOLKIT\1802.01423v3.pdf,1,31,31
HsHtoolkit_1.pdf,26091781,26.092,471819,D:\__SAT26\HsH_TOOLKIT\2012Morrison.pdf,1,12,12
HsHtoolkit_1.pdf,26091781,26.092,471819,D:\__SAT26\HsH_TOOLKIT\2202.13795v2.pdf,1,15,15
HsHtoolkit_1.pdf,26091781,26.092,471819,D:\__SAT26\HsH_TOOLKIT\2203.16837v1.pdf,1,37,37
HsHtoolkit_1.pdf,26091781,26.092,471819,D:\__SAT26\HsH_TOOLKIT\2210.00372v2.pdf,1,27,27
HsHtoolkit_1.pdf,26091781,26.092,471819,D:\__SAT26\HsH_TOOLKIT\2404.05222v1.pdf,1,29,29
HsHtoolkit_1.pdf,26091781,26.092,471819,D:\__SAT26\HsH_TOOLKIT\2407.08854v3.pdf,1,43,43
HsHtoolkit_1.pdf,26091781,26.092,471819,D:\__SAT26\HsH_TOOLKIT\2409.08995v2.pdf,1,36,36
HsHtoolkit_1.pdf,26091781,26.092,471819,D:\__SAT26\HsH_TOOLKIT\2504.21744v1.pdf,1,8,8
HsHtoolkit_1.pdf,26091781,26.092,471819,D:\__SAT26\HsH_TOOLKIT\2505.14724v3.pdf,1,14,14
HsHtoolkit_1.pdf,26091781,26.092,471819,D:\__SAT26\HsH_TOOLKIT\2507.06279v1.pdf,1,28,28
HsHtoolkit_1.pdf,26091781,26.092,471819,D:\__SAT26\HsH_TOOLKIT\2509.16868v1.pdf,1,26,26
HsHtoolkit_1.pdf,26091781,26.092,471819,D:\__SAT26\HsH_TOOLKIT\2510.21301v1.pdf,1,20,20
HsHtoolkit_1.pdf,26091781,26.092,471819,D:\__SAT26\HsH_TOOLKIT\2601.02124v1.pdf,1,23,23
HsHtoolkit_1.pdf,26091781,26.092,471819,D:\__SAT26\HsH_TOOLKIT\2601.16785v1.pdf,1,23,23
HsHtoolkit_1.pdf,26091781,26.092,471819,D:\__SAT26\HsH_TOOLKIT\2602.14064v3.pdf,1,18,18
HsHtoolkit_1.pdf,26091781,26.092,471819,D:\__SAT26\HsH_TOOLKIT\2603.03135v1.pdf,1,21,21
HsHtoolkit_1.pdf,26091781,26.092,471819,D:\__SAT26\HsH_TOOLKIT\2604.03770v2.pdf,1,33,33
HsHtoolkit_1.pdf,26091781,26.092,471819,D:\__SAT26\HsH_TOOLKIT\2605.25145v1.pdf,1,23,23
HsHtoolkit_1.pdf,26091781,26.092,471819,D:\__SAT26\HsH_TOOLKIT\2605.30827v1.pdf,1,19,19
HsHtoolkit_1.pdf,26091781,26.092,471819,D:\__SAT26\HsH_TOOLKIT\2606.17607v1.pdf,1,13,13
HsHtoolkit_1.pdf,26091781,26.092,471819,D:\__SAT26\HsH_TOOLKIT\2606.27164v1.pdf,1,17,17
HsHtoolkit_1.pdf,26091781,26.092,471819,D:\__SAT26\HsH_TOOLKIT\2607.01264v1.pdf,1,6,6
HsHtoolkit_1.pdf,26091781,26.092,471819,D:\__SAT26\HsH_TOOLKIT\2607.01371v1.pdf,1,57,57
HsHtoolkit_2.pdf,44522344,44.522,477748,D:\__SAT26\HsH_TOOLKIT\2607.01482v2.pdf,1,82,82
HsHtoolkit_2.pdf,44522344,44.522,477748,D:\__SAT26\HsH_TOOLKIT\2607.01732v1.pdf,1,24,24
HsHtoolkit_2.pdf,44522344,44.522,477748,D:\__SAT26\HsH_TOOLKIT\2607.01991v1.pdf,1,15,15
HsHtoolkit_2.pdf,44522344,44.522,477748,D:\__SAT26\HsH_TOOLKIT\2607.03019v1.pdf,1,25,25
HsHtoolkit_2.pdf,44522344,44.522,477748,D:\__SAT26\HsH_TOOLKIT\2607.03139v1.pdf,1,34,34
HsHtoolkit_2.pdf,44522344,44.522,477748,D:\__SAT26\HsH_TOOLKIT\2607.03234v1.pdf,1,43,43
HsHtoolkit_2.pdf,44522344,44.522,477748,D:\__SAT26\HsH_TOOLKIT\2607.03497v1.pdf,1,16,16
HsHtoolkit_2.pdf,44522344,44.522,477748,D:\__SAT26\HsH_TOOLKIT\2607.03649v1.pdf,1,47,47
HsHtoolkit_2.pdf,44522344,44.522,477748,D:\__SAT26\HsH_TOOLKIT\2607.03843v1.pdf,1,28,28
HsHtoolkit_2.pdf,44522344,44.522,477748,D:\__SAT26\HsH_TOOLKIT\2607.04015v1.pdf,1,53,53
HsHtoolkit_2.pdf,44522344,44.522,477748,D:\__SAT26\HsH_TOOLKIT\2607.04039v1.pdf,1,62,62
HsHtoolkit_2.pdf,44522344,44.522,477748,D:\__SAT26\HsH_TOOLKIT\2607.04445v1.pdf,1,53,53
HsHtoolkit_2.pdf,44522344,44.522,477748,D:\__SAT26\HsH_TOOLKIT\2607.05211v1.pdf,1,28,28
HsHtoolkit_2.pdf,44522344,44.522,477748,D:\__SAT26\HsH_TOOLKIT\2607.05231v1.pdf,1,27,27
HsHtoolkit_2.pdf,44522344,44.522,477748,D:\__SAT26\HsH_TOOLKIT\2607.05360v1.pdf,1,80,80
HsHtoolkit_2.pdf,44522344,44.522,477748,D:\__SAT26\HsH_TOOLKIT\2607.05575v1.pdf,1,69,69
HsHtoolkit_2.pdf,44522344,44.522,477748,D:\__SAT26\HsH_TOOLKIT\2607.05918v1.pdf,1,41,41
HsHtoolkit_2.pdf,44522344,44.522,477748,D:\__SAT26\HsH_TOOLKIT\2607.05986v1.pdf,1,20,20
HsHtoolkit_2.pdf,44522344,44.522,477748,D:\__SAT26\HsH_TOOLKIT\2607.06345v1.pdf,1,48,48
HsHtoolkit_2.pdf,44522344,44.522,477748,D:\__SAT26\HsH_TOOLKIT\2607.07028v1.pdf,1,51,51
HsHtoolkit_2.pdf,44522344,44.522,477748,D:\__SAT26\HsH_TOOLKIT\2607.07088v1.pdf,1,23,23
HsHtoolkit_2.pdf,44522344,44.522,477748,D:\__SAT26\HsH_TOOLKIT\2607.07149v1.pdf,1,15,15
HsHtoolkit_2.pdf,44522344,44.522,477748,D:\__SAT26\HsH_TOOLKIT\30021CalcVarLec.pdf,1,10,10
HsHtoolkit_2.pdf,44522344,44.522,477748,D:\__SAT26\HsH_TOOLKIT\0105040v2.pdf,1,20,20
HsHtoolkit_2.pdf,44522344,44.522,477748,D:\__SAT26\HsH_TOOLKIT\10633590.pdf,1,11,11
HsHtoolkit_2.pdf,44522344,44.522,477748,D:\__SAT26\HsH_TOOLKIT\abacus_winter2020.pdf,1,36,36
HsHtoolkit_2.pdf,44522344,44.522,477748,D:\__SAT26\HsH_TOOLKIT\Adkisson.pdf,1,17,17
HsHtoolkit_2.pdf,44522344,44.522,477748,D:\__SAT26\HsH_TOOLKIT\am72.pdf,1,18,18
HsHtoolkit_2.pdf,44522344,44.522,477748,D:\__SAT26\HsH_TOOLKIT\anna-symplectic.pdf,1,7,7
HsHtoolkit_2.pdf,44522344,44.522,477748,D:\__SAT26\HsH_TOOLKIT\annals-v162-n2-p01.pdf,1,62,62
HsHtoolkit_2.pdf,44522344,44.522,477748,"D:\__SAT26\HsH_TOOLKIT\Assembly theory_ formalizing assembly spaces, discovering patterns and bounds _ Royal Society Open Science _ The Royal Society.pdf",1,48,48
HsHtoolkit_3.pdf,31743352,31.743,462806,D:\__SAT26\HsH_TOOLKIT\AssemblyTheory.pdf,1,12,12
HsHtoolkit_3.pdf,31743352,31.743,462806,D:\__SAT26\HsH_TOOLKIT\AssemblyTheoryinlife-originmodels_Acriticalreview.pdf,1,13,13
HsHtoolkit_3.pdf,31743352,31.743,462806,D:\__SAT26\HsH_TOOLKIT\axioms-15-00365.pdf,1,34,34
HsHtoolkit_3.pdf,31743352,31.743,462806,D:\__SAT26\HsH_TOOLKIT\Bouman-Computer_aided_Design-1995-Geometric_Constraint_Solver.pdf,1,40,40
HsHtoolkit_3.pdf,31743352,31.743,462806,D:\__SAT26\HsH_TOOLKIT\Brian-Nathan-Daniel-Final.pdf,1,30,30
HsHtoolkit_3.pdf,31743352,31.743,462806,D:\__SAT26\HsH_TOOLKIT\Brunner.pdf,1,22,22
HsHtoolkit_3.pdf,31743352,31.743,462806,D:\__SAT26\HsH_TOOLKIT\calculus-of-variations.pdf,1,6,6
HsHtoolkit_3.pdf,31743352,31.743,462806,D:\__SAT26\HsH_TOOLKIT\CalcVar.pdf,1,85,85
HsHtoolkit_3.pdf,31743352,31.743,462806,D:\__SAT26\HsH_TOOLKIT\cobordism.pdf,1,36,36
HsHtoolkit_3.pdf,31743352,31.743,462806,D:\__SAT26\HsH_TOOLKIT\cofv.pdf,1,187,187
HsHtoolkit_3.pdf,31743352,31.743,462806,D:\__SAT26\HsH_TOOLKIT\cristancho.pdf,1,12,12
HsHtoolkit_3.pdf,31743352,31.743,462806,D:\__SAT26\HsH_TOOLKIT\disgrad.pdf,1,9,9
HsHtoolkit_3.pdf,31743352,31.743,462806,D:\__SAT26\HsH_TOOLKIT\drae037.pdf,1,31,31
HsHtoolkit_3.pdf,31743352,31.743,462806,D:\__SAT26\HsH_TOOLKIT\Elements_Ensample_Theory.pdf,1,11,11
HsHtoolkit_3.pdf,31743352,31.743,462806,D:\__SAT26\HsH_TOOLKIT\ensemble-kalman-methods-a-mean-field-perspective.pdf,1,169,169
HsHtoolkit_3.pdf,31743352,31.743,462806,D:\__SAT26\HsH_TOOLKIT\Ensembles.pdf,1,37,37
HsHtoolkit_3.pdf,31743352,31.743,462806,D:\__SAT26\HsH_TOOLKIT\ensembletheory.pdf,1,15,15
HsHtoolkit_3.pdf,31743352,31.743,462806,D:\__SAT26\HsH_TOOLKIT\frac_hardy_visibility_ILTV_rev.pdf,1,30,30
HsHtoolkit_3.pdf,31743352,31.743,462806,D:\__SAT26\HsH_TOOLKIT\gradientimproREVISED.pdf,1,20,20
HsHtoolkit_3.pdf,31743352,31.743,462806,D:\__SAT26\HsH_TOOLKIT\GriroievTrieste2018slides.pdf,1,43,43
HsHtoolkit_3.pdf,31743352,31.743,462806,D:\__SAT26\HsH_TOOLKIT\hypersph.pdf,1,3,3
HsHtoolkit_3.pdf,31743352,31.743,462806,D:\__SAT26\HsH_TOOLKIT\hyperspherical.pdf,1,12,12
HsHtoolkit_3.pdf,31743352,31.743,462806,D:\__SAT26\HsH_TOOLKIT\Interior C2 estimates for a class of sum Hessian equations - ScienceDirect.pdf,1,6,6
HsHtoolkit_3.pdf,31743352,31.743,462806,D:\__SAT26\HsH_TOOLKIT\JHU_Talk_Slide.pdf,1,7,7
HsHtoolkit_3.pdf,31743352,31.743,462806,D:\__SAT26\HsH_TOOLKIT\l11.pdf,1,6,6
HsHtoolkit_3.pdf,31743352,31.743,462806,D:\__SAT26\HsH_TOOLKIT\laplacehypersphere1108.3679v1.pdf,1,15,15
HsHtoolkit_3.pdf,31743352,31.743,462806,D:\__SAT26\HsH_TOOLKIT\lecture24.pdf,1,9,9
HsHtoolkit_3.pdf,31743352,31.743,462806,D:\__SAT26\HsH_TOOLKIT\Lecture_Notes_on_Calculus_of_Variations_2025-2026.pdf,1,144,144
HsHtoolkit_3.pdf,31743352,31.743,462806,D:\__SAT26\HsH_TOOLKIT\Lectures_on_AKSZ_Sigma_Models_for_Physicists.pdf,1,99,99
HsHtoolkit_3.pdf,31743352,31.743,462806,D:\__SAT26\HsH_TOOLKIT\liegroups.pdf,1,136,136
HsHtoolkit_4.pdf,18099964,18.100,399353,D:\__SAT26\HsH_TOOLKIT\lsg.pdf,1,225,225
HsHtoolkit_4.pdf,18099964,18.100,399353,D:\__SAT26\HsH_TOOLKIT\math0309175.pdf,1,12,12
HsHtoolkit_4.pdf,18099964,18.100,399353,D:\__SAT26\HsH_TOOLKIT\Meinrenken.pdf,1,98,98
HsHtoolkit_4.pdf,18099964,18.100,399353,D:\__SAT26\HsH_TOOLKIT\mnev_h.pdf,1,321,321
HsHtoolkit_4.pdf,18099964,18.100,399353,D:\__SAT26\HsH_TOOLKIT\Order_theory_for_discrete_gradient_methods.pdf,1,49,49
HsHtoolkit_4.pdf,18099964,18.100,399353,D:\__SAT26\HsH_TOOLKIT\PhysRevResearch.3.013211.pdf,1,14,14
HsHtoolkit_4.pdf,18099964,18.100,399353,D:\__SAT26\HsH_TOOLKIT\proj6.pdf,1,11,11
HsHtoolkit_4.pdf,18099964,18.100,399353,D:\__SAT26\HsH_TOOLKIT\Purple.pdf,1,12,12
HsHtoolkit_4.pdf,18099964,18.100,399353,D:\__SAT26\HsH_TOOLKIT\S0002-9939-99-05088-1.pdf,1,10,10
HsHtoolkit_4.pdf,18099964,18.100,399353,D:\__SAT26\HsH_TOOLKIT\S0002-9939-2017-13699-5.pdf,1,15,15
HsHtoolkit_4.pdf,18099964,18.100,399353,D:\__SAT26\HsH_TOOLKIT\s00208-026-03327-6.pdf,1,28,28
HsHtoolkit_4.pdf,18099964,18.100,399353,D:\__SAT26\HsH_TOOLKIT\s00239-024-10163-2.pdf,1,6,6
HsHtoolkit_4.pdf,18099964,18.100,399353,D:\__SAT26\HsH_TOOLKIT\s00526-021-01980-0.pdf,1,26,26
HsHtoolkit_4.pdf,18099964,18.100,399353,D:\__SAT26\HsH_TOOLKIT\s40574-023-00359-7.pdf,1,10,10
HsHtoolkit_4.pdf,18099964,18.100,399353,D:\__SAT26\HsH_TOOLKIT\s41586-023-06600-9.pdf,1,12,12
HsHtoolkit_4.pdf,18099964,18.100,399353,D:\__SAT26\HsH_TOOLKIT\s41598-020-68619-6.pdf,1,14,14
HsHtoolkit_4.pdf,18099964,18.100,399353,D:\__SAT26\HsH_TOOLKIT\s44260-025-00049-9.pdf,1,12,12
HsHtoolkit_4.pdf,18099964,18.100,399353,D:\__SAT26\HsH_TOOLKIT\S186630Lec1.pdf,1,7,7
HsHtoolkit_4.pdf,18099964,18.100,399353,D:\__SAT26\HsH_TOOLKIT\Spectral_Graph_Theory.pdf,1,27,27
HsHtoolkit_4.pdf,18099964,18.100,399353,D:\__SAT26\HsH_TOOLKIT\stml-74-prev.pdf,1,25,25
HsHtoolkit_4.pdf,18099964,18.100,399353,D:\__SAT26\HsH_TOOLKIT\symp_geo.pdf,1,86,86
HsHtoolkit_5.pdf,7845794,7.846,115582,D:\__SAT26\HsH_TOOLKIT\Symplectic.pdf,1,245,245
HsHtoolkit_5.pdf,7845794,7.846,115582,D:\__SAT26\HsH_TOOLKIT\TFG.pdf,1,37,37
HsHtoolkit_5.pdf,7845794,7.846,115582,D:\__SAT26\HsH_TOOLKIT\v-conj-karlstad.pdf,1,21,21
HsHtoolkit_5.pdf,7845794,7.846,115582,D:\__SAT26\HsH_TOOLKIT\vol39pp675-689.pdf,1,15,15
HsHtoolkit_5.pdf,7845794,7.846,115582,D:\__SAT26\HsH_TOOLKIT\Ye_2018_J._Phys.__Conf._Ser._1053_012010.pdf,1,10,10
