s,gate,ball_x,ball_y,ball_z,pen_x,pen_y,pen_z
0.0,0.999869331681388,3.4087988508656806,0.2510559759738037,0.6585208740807743,2.826050811927082,0.20813693496749852,0.9860760526835448
0.01308996938995747,0.999218773097093,2.193667293150301,0.3948260082164835,-0.11759467809162125,2.0736509307460573,0.3732249288565044,0.44999828575659145
0.02617993877991494,0.9985682145127979,2.298998438398039,0.6232657380684407,-0.4758758646125409,2.2397018729818123,0.6071902518950701,-0.7337202516144945
0.039269908169872414,0.9979176559285028,2.3333534135689464,0.8417116441831998,-0.5818490480258892,2.174776077700689,0.7845079692800887,-0.7256614231427401
0.05235987755982988,0.9972670973442077,2.3112072576941936,1.0359638349926577,-0.6245732409990377,2.0803667524668024,0.932493056129842,-0.6937621959130013
0.06544984694978735,0.9966165387599126,2.2564314301595623,1.2109807084630437,-0.6446301450757538,1.945274230695719,1.0439889883452929,-0.6101509931523577
0.07853981633974483,0.9959659801756174,2.168092952826524,1.3964367472921262,-0.6565550800895095,1.6832462331955893,1.0841541142002167,-0.06593110908917861
0.09162978572970229,0.9953154215913224,2.0711210491120453,1.623000937857282,-0.6873508329449494,1.6372923657755567,1.2830380176666045,-0.3922076155883483
0.10471975511965977,0.9946648630070273,2.466410496125745,1.4987794651882693,-0.7716376834205438,2.202159466051269,1.3382003490384649,-0.9060714746665227
0.11780972450961724,0.9940143044227322,2.3264736073656715,1.7434854796615362,-0.7744683451315718,1.6621538455533258,1.2456367807100222,-0.385052410324758
0.1308996938995747,0.9933637458384371,2.254507778612792,1.8549199843233575,-0.7758358185970293,1.5505967416597752,1.275769776009004,0.12599259980749314
0.14398966328953217,0.992713187254142,2.186985228032223,1.9520845078758833,-0.776984010311497,1.4920886910643416,1.33182573931889,-0.006650580694247535
0.15707963267948966,0.992062628669847,2.1208282064733575,2.042186429073497,-0.7780030274068281,1.6393163877183268,1.5785294017392681,-0.6895548407682306
0.17016960206944712,0.9914120700855519,2.0568839921470183,2.1257739593609237,-0.7788677050859331,1.8830062331386763,1.946072618097557,-0.9563984230062699
0.18325957145940458,0.9907615115012568,1.9956657098344188,2.203280923594458,-0.7795231819123717,1.936776313179349,2.138265082708527,-0.9933665961373547
0.19634954084936207,0.9901109529169616,1.9373734194852203,2.2751502970774675,-0.7799117114911753,1.9167291783813984,2.2509067770580904,-0.9990500352602716
0.20943951023931953,0.9894603943326665,1.8820793696410885,2.341847780770301,-0.7799875385005582,1.87078500336577,2.3277943423108454,-0.9999072378525213
0.222529479629277,0.9888098357483714,1.829794033975208,2.4038353780902115,-0.7797166778598086,1.814090992054608,2.383205991934456,-0.9999879727638324
0.23561944901923448,0.9881592771640764,1.7804914184865446,2.461550075720848,-0.7790743350875363,1.7517415168669241,2.4218030026521675,-0.9999387730375758
0.24870941840919195,0.9875087185797813,1.7341226383132196,2.515393754223437,-0.7780426913748795,1.6849187954472262,2.4440221935884296,-0.9995048319466187
0.2617993877991494,0.9868581599954862,1.6906245356405956,2.5657299632467327,-0.7766092284701139,1.6125157672223573,2.447190332892298,-0.9975952147833573
0.2748893571891069,0.9852707303438981,1.6500947826173835,2.611914290260307,-0.7748501025192165,1.5327935730207143,2.4262396800270825,-0.9914955983649351
0.28797932657906433,0.9836833006923101,1.6123515601491425,2.655200271737981,-0.7727078982339088,1.4390950193975525,2.3698835793651014,-0.9738027807824854
0.3010692959690218,0.982095871040722,1.5773134340732105,2.6958479896886485,-0.7701797998848063,1.325518595114135,2.265495596969286,-0.9269357705090747
0.3141592653589793,0.9805084413891341,1.5449002831361835,2.734086995106819,-0.7672647213060128,1.1971232482658913,2.118608650895875,-0.8240171625839886
0.32724923474893675,0.978921011737546,1.515034897692108,2.7701193872624663,-0.7639629087754923,1.0805276878317918,1.9756579212111465,-0.6635135833085439
0.34033920413889424,0.9773335820859579,1.4876441225001875,2.8041226948985023,-0.760275631562972,0.9968069395945578,1.8789231372431736,-0.48765591956446863
0.3534291735288517,0.9757461524343699,1.4626596613242517,2.83625249909234,-0.7562049392548744,0.9424158011953933,1.8274443754773055,-0.33033793859568317
0.36651914291880916,0.9741587227827818,1.4400186308817526,2.8666447787733884,-0.7517534704522458,0.906599635535696,1.8047676994671251,-0.19741755391707108
0.37960911230876665,0.9725712931311938,1.4196639301558032,2.895417981969025,-0.7469243013545166,0.8818958672411098,1.7986349430980078,-0.07999116863538644
0.39269908169872414,0.9709838634796057,1.4015444752707613,2.922674837081466,-0.7417208255728122,0.8652064830236618,1.8042361562050977,0.0438610716601278
0.4057890510886816,0.9693964338280177,1.3856153383082246,2.948503923539699,-0.7361466585864923,0.8649583285459037,1.8405779402888116,0.2573672076296016
0.41887902047863906,0.9678090041764297,1.3718378194959553,2.972981022692777,-0.7302055617868141,1.325590580915818,2.8727562288456356,0.9864860018753012
0.43196898986859655,0.9662215745248416,1.3601794753863334,2.9961702693613237,-0.7239013821944145,1.637166032860211,3.606309521962717,0.27818378136624095
0.445058959258554,0.9646341448732536,1.3506141204227042,3.0181251229477066,-0.7172380047989296,1.6310007663814663,3.6446860092224145,0.11827151759301786
0.4581489286485115,0.9630467152216655,1.3431218152833004,3.038889174950405,-0.7102193151244405,1.6165442959953689,3.657523022877841,0.0482333188439131
0.47123889803846897,0.9614592855700774,1.3376888523057868,3.058496807437429,-0.7028491701271393,1.6028638731900515,3.6647939694334237,0.005304833471475784
0.4843288674284264,0.9598718559184894,1.3343077459101391,3.076973714676558,-0.6951313759202433,1.5912543280115719,3.669504097285411,-0.025734289120485237
0.4974188368183839,0.9582844262669014,1.3329772340849024,3.0943372977830355,-0.687069671123749,1.582015881241401,3.6724488774716493,-0.05084283559160217
0.5105088062083414,0.9566969966153134,1.335786381330577,3.1097025387518764,-0.6786677148739655,1.5777777911047752,3.6730570629845483,-0.069375137742307
0.5235987755982988,0.9551095669637253,1.1323058792512068,3.205376611596789,-0.6699290787149952,1.312953477337842,3.716761032060064,-0.3360414241185726
0.5366887449882562,0.9527593290184816,1.649143060370162,2.134387971781804,-0.7188579302403927,2.232648626925536,2.889584590348038,-0.758534935868516
0.5497787143782138,0.9504090910732379,1.647952305524417,2.157068978653738,-0.7258849837277935,2.201909531468432,2.8821651744472576,-0.7790023146569728
0.5628686837681712,0.9480588531279942,1.653309832523659,2.1748974202954994,-0.7324992973462525,2.182985428092758,2.871675521855741,-0.7945433258886393
0.5759586531581287,0.9457086151827506,1.657556567240945,2.193746380710209,-0.7386975337628761,2.1621311655611177,2.861541809680498,-0.8099239421041139
0.5890486225480862,0.9433583772375069,1.6606419732259814,2.213628525328828,-0.7444764177126233,2.13921052453358,2.8515583221060603,-0.8252463025534257
0.6021385919380436,0.9410081392922632,1.6625071678813788,2.2345592711666993,-0.7498327121789139,2.11410803757117,2.841551487337565,-0.8405510814418921
0.6152285613280011,0.9386579013470195,1.6630843081439057,2.2565567632979846,-0.7547631982587387,2.086736669088739,2.8313896780791756,-0.8558180379134368
0.6283185307179586,0.9363076634017758,1.662295855566016,2.2796418344613807,-0.7592646582737382,2.0570476204027557,2.8209971138697365,-0.8709666727337814
0.6414085001079161,0.9339574254565322,1.6600537074698005,2.3038379405621217,-0.7633338617639828,2.0250415265147867,2.8103714229278776,-0.8858590349781048
0.6544984694978735,0.9316071875112886,1.6562581781171386,2.329171062671137,-0.7669675540635705,1.9907794227538878,2.799603277377184,-0.9003069140174318
0.667588438887831,0.9292569495660449,1.6507968107570217,2.3556695633751366,-0.770162447209165,1.9543907610788547,2.7888949147556037,-0.9140854148627524
0.6806784082777885,0.9269067116208012,1.643542997919392,2.383363981825804,-0.7729152129762228,1.9160748288503322,2.7785727172006114,-0.9269538319622805
0.6937683776677459,0.9245564736755575,1.6343543833678138,2.412286747348065,-0.775222477874388,1.8760918786457113,2.769088284475127,-0.9386825642136156
0.7068583470577035,0.9222062357303138,1.6230710146537226,2.4424717857059903,-0.7770808199647296,1.8347419191759673,2.7610038816418845,-0.949081891658796
0.7199483164476609,0.9198559977850701,1.6095132101988152,2.4739539847139227,-0.778486767388039,1.792332709903092,2.7549625697387903,-0.9580259473040756
0.7330382858376183,0.9175057598398265,1.5934790992627403,2.5067684763331908,-0.7794367985161632,1.7491431081757685,2.7516500255316516,-0.9654647760274231
0.7461282552275759,0.9151555218945828,1.5747417870751474,2.5409496800785245,-0.7799273436579308,1.7053915302277383,2.751761653057607,-0.9714197685071282
0.7592182246175333,0.9128052839493391,1.5530460909499357,2.576530036654205,-0.779954788268167,1.6612202258004618,2.7559927771714454,-0.9759617884774135
0.7723081940074907,0.9104550460040954,1.528104786614048,2.6135383401886423,-0.7795154776229971,1.6167047620782826,2.76507207978816,-0.9791739186008613
0.7853981633974483,0.9081048080588517,1.499594297744784,2.651997550870814,-0.7786057229374455,1.5718977501176374,2.7798645205576684,-0.9810982049988206
0.7984881327874057,0.9051789590332225,1.4666843230960722,2.6921755535877003,-0.7772218089125245,1.5263914458155785,2.80177109069769,-0.9816719309597424
0.8115781021773631,0.9022531100075932,1.4294082952804648,2.7338108265617893,-0.7753600027087926,1.4811359144318512,2.8327423395068565,-0.9804856227126136
0.8246680715673207,0.899327260981964,1.3872997032057257,2.7768853367934216,-0.7730165643519157,1.437108194087172,2.8765843907591138,-0.9764840198548123
0.8377580409572781,0.8964014119563347,1.3398315266998952,2.821356966254589,-0.7701877585832193,1.3966291868863658,2.9409589244416448,-0.9667468363294792
0.8508480103472356,0.8934755629307055,1.286408171878426,2.8671512527105385,-0.7668698681747076,1.3648330080417752,3.041944815255332,-0.9425389839979593
0.8639379797371931,0.8905497139050762,1.2263565549525162,2.9141507090907504,-0.7630592087335927,1.3512214963332347,3.210863158659942,-0.8752912752488967
0.8770279491271505,0.887623864879447,1.1589164186356706,2.962181032521387,-0.7587521450260961,1.3583888314974744,3.4720309133144416,-0.6852587121180864
0.890117918517108,0.8846980158538177,1.0832300897421632,3.0109933301963214,-0.7539451088542217,1.3326574522822106,3.7043124431793304,-0.35003114841692284
0.9032078879070655,0.8817721668281885,0.9983320838975748,3.0602412669203454,-0.7486346185222982,1.2352169968158662,3.7863773870710857,-0.1848608178717164
0.916297857297023,0.8788463178025593,0.9031392684253532,3.1094517794499996,-0.7428172999324422,1.0916003463979722,3.7583114345957114,-0.4065477443914748
0.9293878266869804,0.87592046877693,0.7964427565146065,3.157987715879849,-0.7364899093496209,0.8999844607383455,3.5685425578257757,-0.7329514323229082
0.9424777960769379,0.8729946197513008,0.6769033917344305,3.2050004720247194,-0.7296493578776941,0.730148334431241,3.4571044924211165,-0.8458834329367279
0.9555677654668954,0.8700687707256715,0.5430536796030437,3.249370470341174,-0.7222927376875894,0.5719547296627137,3.4223003705572803,-0.882791285827175
0.9686577348568528,0.8671429217000423,0.44498048993513156,3.7217995705694205,-0.2200858218126115,0.4665470860547333,3.9021817446019917,0.3676275790795019
0.9817477042468103,0.864217072674413,0.2546065052086202,3.7445459324014223,-0.20273654688200132,0.26470057109591955,3.893001264792509,0.4317571150033829
0.9948376736367678,0.8612912236487837,0.04423586210042117,3.7574382808974343,-0.18518297765576283,0.04673106797890654,3.9693835588092212,0.24446296955372068
1.0079276430267252,0.8583653746231544,-0.18767367112101319,3.7571338264618523,-0.1674307773344356,-0.19923639663606985,3.988613857194031,0.11307184619048255
1.0210176124166828,0.8554395255975252,-0.44240007079719634,3.739463280819034,-0.14948604277988925,-0.4688578698827943,3.9631024135922197,0.13577033290593138
1.03410758180664,0.852513676571896,-0.720719853982319,3.6993065529512212,-0.1313553298049656,-0.7517164505387779,3.8584056982389643,0.365145300647192
1.0471975511965976,0.8495878275462667,-1.022017608320926,3.6306595242716395,-0.11304567854393684,-1.0239693445577878,3.6375929564351717,0.627064237403538
1.0602875205865552,0.8463055991416133,-1.321865891069867,3.5351591957233994,-0.09484202323844482,-1.377524840205129,3.6840118495282184,0.3595370435288583
1.0733774899765125,0.8430233707369599,-1.595472034422341,3.422640963217654,-0.07647652554663399,-1.6764715756317516,3.5964029231667296,0.25112174454155034
1.08646745936647,0.8397411423323063,-1.8426206486890027,3.298007392537471,-0.05795736320014036,-1.9115256698702898,3.4213367763694174,0.39398539072025107
1.0995574287564276,0.8364589139276529,-2.0643539981304486,3.1653367150244938,-0.03929328520146728,-2.039214484039193,3.126789534151934,0.6802402561456677
1.112647398146385,0.8331766855229995,-2.262171367265344,3.0280266006879755,-0.0204936355345655,-2.1858154905893192,2.9258205392730297,0.7580881203508592
1.1257373675363425,0.8298944571183461,-2.4378344611933147,2.8888321549068565,-0.0015683759889250184,-2.45352719906497,2.907428038459988,0.5941816393143252
1.1388273369263,0.8266122287136926,-2.5932205375695654,2.7499323128559365,0.017471892168709712,-2.6677077633887016,2.8289209010641017,0.4591190568760694
1.1519173063162573,0.8233300003090391,-2.73021745058177,2.6130083180609143,0.03661590797707499,-2.8041187857666543,2.6837370446364344,0.47230798415965763
1.1650072757062149,0.8200477719043857,-2.8506528880155138,2.4793236020651745,0.055851732358746596,-2.870725459837608,2.4967814978622713,0.5938169361776907
1.1780972450961724,0.8167655434997323,-2.9562500243201617,2.3497987476620383,0.07516673187700569,-2.8637823169762386,2.2763000580625694,0.7527996335145704
1.1911872144861297,0.8134833150950789,-3.048602685196288,2.2250783123741003,0.09454756509787235,-2.852432103754485,2.081899633036334,0.8471308863524417
1.2042771838760873,0.8102010866904255,-3.129164343614374,2.105588319491856,0.11398017202878166,-2.9028152160031744,1.9532798988114597,0.8667140651267528
1.2173671532660448,0.8069188582857719,-3.199246514624966,1.9915844551230681,0.13344976714992016,-3.0027176396131665,1.8692419439514318,0.8435813725580047
1.2304571226560022,0.8036366298811185,-3.2600232267143516,1.8831916840779148,0.15294083659709717,-3.123463990236784,1.8043065962628277,0.7945852810112898
1.2435470920459597,0.8003544014764651,-3.3125391624901157,1.78043630818632,0.172437140093819,-3.2332571675759985,1.7378235161840583,0.7417356287879782
1.2566370614359172,0.7970721730718116,-3.35771977793716,1.6832715786467132,0.19192171826290025,-3.3102106868313843,1.6594546111584911,0.711313235842308
1.2697270308258746,0.7937899446671582,-3.396382249868827,1.5915979355844794,0.2113769059716501,-3.3524565272963867,1.5710136537746058,0.711877991932107
1.2828170002158321,0.7905077162625047,-3.4292464968587284,1.5052788456215616,0.23078435237626324,-3.3637076663898564,1.4765103639268393,0.7391859985713518
1.2959069696057897,0.7872254878578513,-3.4569458013290206,1.4241530803577274,0.2501250483273822,-3.347667787931726,1.379133971485584,0.7841113782940916
1.308996938995747,0.7839432594531979,-3.480036757239494,1.3480441474930724,0.26937936177694344,-3.310633757755766,1.2824233687622875,0.8349414400554437
1.3220869083857045,0.7804743045539824,-3.4990852418777867,1.2767148460019961,0.28839104242099084,-3.2638792224996704,1.1908949827945703,0.8803339770092576
1.335176877775662,0.7770053496547669,-3.5144466345314256,1.2100367320614938,0.3072783342945163,-3.219112942119664,1.10835226984139,0.9145046947679979
1.3482668471656194,0.7735363947555514,-3.52649948701385,1.14782336880496,0.326020333735471,-3.1846874194349173,1.0365686017614908,0.9370722600410231
1.361356816555577,0.7700674398563357,-3.535576881308023,1.0898925629478178,0.3445957438718811,-3.163184284249195,0.9750971743432049,0.9507144234279263
1.3744467859455345,0.7665984849571202,-3.5419722377197735,1.0360684638022302,0.36298295590745616,-3.153132298556164,0.9223282164496572,0.9584502009343859
1.3875367553354918,0.7631295300579047,-3.54594441241618,0.9861830204228187,0.3811601403164545,-3.151522208773166,0.8764879900245703,0.9625413625922828
1.4006267247254494,0.7596605751586892,-3.547722152061163,0.9400769504761717,0.39910534770717515,-3.155391086833351,0.8361168951031345,0.9644434597388452
1.413716694115407,0.7561916202594737,-3.5475079717699884,0.8976003411748215,0.41679661887466657,-3.162422797824962,0.8001650186145843,0.9650454815596515
1.4268066635053642,0.7527226653602582,-3.545481518747378,0.8586129762655473,0.43421210330330295,-3.17100967557622,0.7679267374309336,0.9648858001537348
1.4398966328953218,0.7492537104610426,-3.541802478875354,0.8229844622827454,0.45133018510586054,-3.180117431680175,0.7389421770742964,0.964292277458203
1.4529866022852793,0.7457847555618271,-3.536613077911804,0.7905942109599203,0.4681296151062588,-3.1891199439162006,0.7129136578338044,0.9634653779831968
1.4660765716752366,0.7423158006626116,-3.530040223314283,0.7613313219221074,0.4845896474989352,-3.1976627578030703,0.6896467633373363,0.9625268795637859
1.4791665410651942,0.7388468457633961,-3.5221973272946063,0.7350943998191157,0.5006901792609624,-3.205565670649665,0.6690123107205121,0.961548797510757
1.4922565104551517,0.7353778908641806,-3.513185846691954,0.7117913323044501,0.5164118902666479,-3.2127580210143325,0.6509229548168889,0.9605708852931583
1.505346479845109,0.7319089359649651,-3.503096570693261,0.6913390492393284,0.5317363818717583,-3.2192371500268098,0.6353191542575768,0.9596114546150786
1.5184364492350666,0.7284399810657496,-3.4920106833415625,0.6736632788205366,0.5466463116086059,-3.225042013687148,0.6221608621184058,0.9586742385923187
1.5315264186250241,0.724971026166534,-3.4800006241301142,0.6586983126925969,0.5611255215750366,-3.2302363722143896,0.6114226627495912,0.9577528555688383
1.5446163880149815,0.7215020712673185,-3.467130766734183,0.6463867892655645,0.5751591581184421,-3.234898078951883,0.603091006234136,0.9568337361622933
1.557706357404939,0.718033116368103,-3.451946437908447,0.6448242190821232,0.588733780515606,-3.239281547141715,0.6050983790143579,0.9554005037275484
1.5707963267948966,0.7145641614688875,-3.768076161682416,0.10941583683626468,0.1265570684533103,-3.9788150024367788,0.1155351841173843,-0.19655859230609254
1.5838862961848539,0.7110612390673618,-3.4446940655080605,-0.4978062165603713,0.614443436056199,-3.531450317580147,-0.5103437019758122,0.8229349181773953
1.5969762655748114,0.7075583166658362,-3.427537171895593,-0.5051821995688992,0.6265605234619868,-3.4753001836293382,-0.5122219549721482,0.8584809906412689
1.610066234964769,0.7040553942643106,-3.4088703720224376,-0.5210933288691331,0.6381817474002887,-3.4200496837331107,-0.5228022424146851,0.8880340241133159
1.6231562043547263,0.700552471862785,-3.3896110277760645,-0.5390875147684051,0.6493018604823049,-3.3678924103494023,-0.5356333616526634,0.9119864684012122
1.6362461737446838,0.6970495494612594,-3.369745301176663,-0.5591654909813489,0.6599173487492808,-3.3202731806644654,-0.5509562347665151,0.9307426876927574
1.6493361431346414,0.6935466270597337,-3.3492527312396074,-0.5813362332584591,0.6700264227665479,-3.2780620345173275,-0.5689795272118962,0.9449983651177146
1.6624261125245987,0.6900437046582081,-3.3281054842104547,-0.6056171924756769,0.6796289909721304,-3.2416030469479846,-0.5898762962072918,0.9555478663464066
1.6755160819145563,0.6865407822566825,-3.3062674844388664,-0.6320344960999358,0.6887266163098057,-3.2108134433529876,-0.6137872589836517,0.963153129303279
1.6886060513045138,0.6830378598551569,-3.283693414978414,-0.6606231117530206,0.6973224575235499,-3.1852953078942536,-0.6408270907858888,0.9684732274169197
1.7016960206944711,0.6795349374536312,-3.260327574561897,-0.6914269644113844,0.7054211967734346,-3.16443868022324,-0.6710915331956266,0.9720397834826463
1.7147859900844287,0.6760320150521058,-3.236102574937182,-0.7244989957908868,0.7130289554447562,-3.147509031549078,-0.7046646636793702,0.974260561641488
1.7278759594743862,0.67252909265058,-3.210937859739776,-0.7599011503913414,0.7201532001587274,-3.1337207094070396,-0.7416269252487399,0.975436237126824
1.7409659288643435,0.6690261702490545,-3.1847380232579114,-0.7977042671832856,0.7268026410555196,-3.122302121270306,-0.7820654971880066,0.975779355662656
1.754055898254301,0.6655232478475288,-3.1573909048261846,-0.8379878485961945,0.7329871244130185,-3.1125610291142216,-0.8260897681135781,0.9754276639140875
1.7671458676442586,0.6620203254460032,-3.128765432494981,-0.8808396688047448,0.7387175215949315,-3.1039628382421567,-0.8738570076310259,0.9744451048914943
1.780235837034216,0.6585174030444776,-3.0987091885799907,-0.9263551706575328,0.7440056161993036,-3.0962463004990592,-0.9256188933983018,0.9728010476206519
1.7933258064241735,0.655014480642952,-3.067045670493337,-0.9746365841262075,0.7488639911140339,-3.0896300059160744,-0.9818133665728922,0.9703067429280485
1.806415775814131,0.6515115582414264,-3.0335712241188113,-1.0257916778166767,0.7533059169908599,-3.0852321649344514,-1.0432606473056845,0.9664521630923388
1.8195057452040884,0.6480086358399008,-2.9980516357945532,-1.0799320275408357,0.7573452434346696,-3.0859555395615974,-1.1115960055359109,0.959983668961683
1.832595714594046,0.6445057134383751,-2.960218385579568,-1.1371706505213093,0.7609962939810724,-3.0978765539779722,-1.190052164152114,0.9478914156100228
1.8456856839840035,0.6410967589830671,-2.919681536606709,-1.1976310459473167,0.7642884838700298,-3.126855277281526,-1.282612130571212,0.9251129709328748
1.8587756533739608,0.6376878045277591,-2.8761712599821814,-1.2614072606054167,0.7672192161579787,-3.144578101840578,-1.3791229000831748,0.9010534234193084
1.8718656227639183,0.634278850072451,-2.829290697934269,-1.3285924751343128,0.7698037201148126,-3.0918532254854614,-1.4518878998891658,0.9094664385745667
1.8849555921538759,0.630869895617143,-2.778591795581414,-1.3992605278026513,0.7720573341226512,-2.9893941476120576,-1.5054176865596531,0.9378457391088092
1.8980455615438332,0.627460941161835,-2.723571829277199,-1.4734560042702096,0.7739954276977516,-2.881107318640496,-1.5586829148267043,0.961241046182952
1.9111355309337907,0.6240519867065271,-2.6636713736338,-1.5511813073078276,0.7756333294965726,-2.7829456789210827,-1.620640353433086,0.9753995534433011
1.9242255003237483,0.6206430322512189,-2.5982749182711333,-1.6323799126116496,0.776986261132956,-2.6957877599009805,-1.6936428693445569,0.9829896291320123
1.9373154697137056,0.617234077795911,-2.526716023417085,-1.7169148923981308,0.7780692765418489,-2.6160446477928065,-1.7776140940839222,0.9866513254675786
1.9504054391036632,0.6138251233406029,-2.4482899094313844,-1.804541730521501,0.7788972065568811,-2.5398339855085252,-1.872015400541896,0.9878852783339978
1.9634954084936207,0.6104161688852949,-2.3622778229386947,-1.8948745749211886,0.7794846083224078,-2.4646366487901257,-1.9769805553191158,0.987186530665808
1.976585377883578,0.6070072144299868,-2.267989492033737,-1.9873456033041752,0.7798457191322682,-2.3901584338907185,-2.0943972057532156,0.9840397924364097
1.9896753472735356,0.6035982599746789,-2.164832369575377,-2.0811585509200623,0.779994414273258,-2.318755740012992,-2.2291325664026154,0.9762899278472896
2.002765316663493,0.6001893055193709,-2.0524184722337666,-2.175240440656503,0.7799441684457556,-2.2516874524721233,-2.3864341861070093,0.9596986869505043
2.0158552860534504,0.5967803510640628,-1.9307192339169408,-2.2682014015550287,0.7797080203306659,-2.168930431809471,-2.5480509847747412,0.9381734913223246
2.028945255443408,0.5933713966087548,-1.8002703235872866,-2.3583226995199724,0.7792985398637823,-2.0334737863029626,-2.6638151650254582,0.9362788923838773
2.0420352248333655,0.5899624421534467,-1.6624003367800013,-2.4436083285198205,0.7787277977587571,-1.8602634585305258,-2.734452814964663,0.951633238113834
2.055125194223323,0.5865534876981388,-1.7475105111358153,-2.9005914184301167,0.6776060541131956,-1.785469331115379,-2.963597063766632,0.887978178258544
2.06821516361328,0.5831445332428308,-1.5810349697078248,-2.9811275734501104,0.6842517597826752,-1.6332665333851433,-3.079613032447671,0.8740082554261905
2.0813051330032377,0.5797355787875227,-1.415913454127538,-3.050010297786182,0.6905718146068565,-1.6048312917458465,-3.456957027822294,0.5846250237819558
2.0943951023931953,0.5763266243322147,-1.2550315614729493,-3.1070694728306205,0.69657851773088,-1.349965878659491,-3.3420974417751936,0.7966469345063355
2.107485071783153,0.573086040203587,-1.1091234029594033,-3.1498386555426423,0.7022841113001603,-1.1753576676642337,-3.3379396790464755,0.8424155024266127
2.1205750411731104,0.5698454560749592,-0.9821481181925305,-3.179736146988551,0.7077007512332801,-1.0354570701303563,-3.3523255948477297,0.8610042502994115
2.133665010563068,0.5666048719463315,-0.8667203865070678,-3.2013858073810355,0.712840481379039,-0.9124412390294,-3.3702639030679675,0.8708245871762474
2.146754979953025,0.5633642878177038,-0.7580362237151566,-3.2173312447021196,0.7177152106746149,-0.7983140528771755,-3.388282334079653,0.8766889517111607
2.1598449493429825,0.560123703689076,-0.6537744086346009,-3.228805378615609,0.7223366927485376,-0.6894325206654784,-3.404910625924125,0.8805203829662112
2.17293491873294,0.5568831195604482,-0.5531379565724512,-3.23641438375996,0.7267165072040843,-0.5844060011883915,-3.4193639502191955,0.8832273098250426
2.1860248881228976,0.5536425354318205,-0.456091289364296,-3.2405215203165647,0.73086604156766,-0.48293566894559276,-3.431250419905912,0.8852741977399203
2.199114857512855,0.5504019513031927,-0.3628954236380037,-3.241424830753248,0.7347964725779861,-0.3851707914585536,-3.4403910498470367,0.8869398694381831
2.2122048269028127,0.5471613671745649,-0.27386802598720084,-3.2394221154823897,0.738518745101921,-0.29139010956906297,-3.4466804285322956,0.8884487250663194
2.22529479629277,0.5439207830459373,-0.18927798313967925,-3.234823923911874,0.7420435464589001,-0.2018683905518637,-3.4499981900000556,0.8900314832232255
2.2383847656827274,0.5406801989173096,-0.10931058715423764,-3.227946903125127,0.745381273276425,-0.11683607008903844,-3.4501747766213637,0.8919406630726804
2.251474735072685,0.5374396147886817,-0.03406598645613039,-3.219102433699364,0.7485419871334542,-0.03647789635696024,-3.447018482501401,0.8944282438308594
2.2645647044626425,0.5341990306600539,0.03642882755890717,-3.2085864351846007,0.7515353541227627,0.039060927447972134,-3.440417118904746,0.8976844670243809
2.2776546738526,0.5309584465314262,0.1022041836223214,-3.196672037472601,0.7543705620276546,0.10968113005164913,-3.430530816332731,0.9017376409691231
2.2907446432425576,0.5277178624027984,0.16333244249423254,-3.1836051006605643,0.7570562070382422,0.17536326102886712,-3.4181045954767075,0.9063162656907013
2.3038346126325147,0.5244772782741708,0.21991503087751463,-3.169602000456806,0.7596001398678506,0.23624756527632726,-3.4050003427003563,0.9106465498236059
2.316924582022472,0.5212366941455431,0.27207234647912093,-3.15484901790084,0.7620092589485505,0.2928114680976521,-3.395332103804501,0.913011124069384
2.3300145514124297,0.5179961100169153,0.3199365705058484,-3.139502775819893,0.7642892365279493,0.34632366830659644,-3.3984364971519003,0.9093475575519941
2.3431045208023873,0.5147555258882874,0.36364725720827057,-3.1236913203224934,0.7664441628647374,0.3992825790982485,-3.4297949509099497,0.8915317799509167
2.356194490192345,0.5115149417596597,0.4033495553783096,-3.1075156062493505,0.7684760959906121,0.43408759408975317,-3.3443298873800646,0.9280787096084568
2.3692844595823024,0.5085381169738886,0.43900626827445033,-3.091078101312458,0.7703845124298307,0.45441172720099443,-3.199549164643014,0.9727976070240114
2.3823744289722595,0.5055612921881176,0.47095658328741674,-3.0744103784877166,0.7721656719287688,0.48240770969511915,-3.1491634727697217,0.9825689969694333
2.395464398362217,0.5025844674023465,0.4993763751772894,-3.0575443356524716,0.7738119417414865,0.5097292367270239,-3.1209320623504895,0.9867440729881853
2.4085543677521746,0.4996076426165755,0.5244627666296875,-3.0404951780201803,0.775311177733048,0.5346829196007057,-3.0997450005132046,0.9893551038199112
2.421644337142132,0.49663081783080437,0.5464412251248839,-3.0232664014099595,0.7766463298181402,0.5569660030368621,-3.081496282283814,0.9913259485743483
2.4347343065320897,0.4936539930450332,0.5655709766998926,-3.0058564013583173,0.7777955144457641,0.5766346951616157,-3.064657065344021,0.9929619287352847
2.447824275922047,0.49067716825926216,0.5821460088577867,-2.988266716501455,0.7787328410882345,0.5938864129323791,-3.0485324543070256,0.994383017052811
2.4609142453120043,0.48770034347349117,0.5964887454044291,-2.9705112789038948,0.7794302325540868,0.6089897672709369,-3.032766311774813,0.9956375092480381
2.474004214701962,0.48472351868772,0.6089345033623147,-2.9526251609446033,0.7798602764431927,0.622246048001031,-3.0171706932051143,0.996741107741882
2.4870941840919194,0.48174669390194896,0.6198074433007839,-2.934670523268328,0.7799997758489062,0.6339557090410478,-3.0016598743516294,0.9976937794666922
2.500184153481877,0.4787698691161779,0.6293923098750472,-2.9167373679573387,0.7798332415295468,0.6443860085763907,-2.9862213457561526,0.9984888213468824
2.5132741228718345,0.47579304433040676,0.6379090812773522,-2.8989377683672815,0.7793553219972328,0.653743989253415,-2.970898513460469,0.9991186110356552
2.526364092261792,0.4728162195446357,0.6454976943117191,-2.881394331966158,0.7785713341864224,0.6621606428900376,-2.9557749626183023,0.9995783508456145
2.539454061651749,0.4698393947588647,0.6522166909888448,-2.864225785487055,0.7774956504098184,0.669689341209533,-2.940957362575363,0.999868094811918
2.5525440310417067,0.4668625699730936,0.6580546227485503,-2.8475335365540886,0.7761484324620638,0.6763168956217527,-2.9265580318808486,0.9999931963234178
2.5656340004316642,0.46388574518732245,0.6629491493885832,-2.831392347068282,0.774551683642547,0.6819819672434458,-2.9126796899468466,0.9999634899109999
2.5787239698216218,0.4609089204015514,0.6668077301501787,-2.8158464180150538,0.7727256054466524,0.6865947339551169,-2.899404483208505,0.9997917015093551
2.5918139392115793,0.45793209561578035,0.669525305392211,-2.8009103343625763,0.7706858964876572,0.6900533573804106,-2.8867879442079554,0.9994916065548675
2.604903908601537,0.4549552708300092,0.6709127222999449,-2.786593502583557,0.7684421806054309,0.6919219368907017,-2.873853944854337,0.9990304614264739
2.617993877991494,0.4519784460442382,0.787186617049008,-2.7421142258050355,0.7659974145132251,0.8109134115714431,-2.824764996770406,0.9981289891967102
2.6310838473814515,0.4492726498196887,1.790501501333016,-2.20407202550121,0.7633479740030364,1.9233097206632255,-2.3675563234838792,0.9987332196442218
2.644173816771409,0.4465668535951391,1.5887607041250669,-2.3378550913989735,0.7604841132343501,1.7314827378273765,-2.5478699994209526,0.996752068369399
2.6572637861613666,0.44386105737058956,1.5741350142977941,-2.3319999775463334,0.7573905610876688,1.715816194791378,-2.5418933518304727,0.9977665515398499
2.670353755551324,0.44115526114604003,1.5618639468393576,-2.3244790362468315,0.754047104019552,1.701911991458995,-2.5329086785626553,0.9986689478915104
2.6834437249412817,0.43844946492149045,1.5518751535792528,-2.315281713021753,0.7504290763371638,1.6897657355575109,-2.521004152817155,0.9993899336576216
2.696533694331239,0.43574366869694103,1.544096206563336,-2.3043929231995817,0.7465077277434262,1.679380489207017,-2.5062897624114866,0.9998568439893073
2.7096236637211963,0.4330378724723915,1.5384555929587718,-2.2917933101688117,0.7422504667501775,1.670762944451597,-2.4888877888298775,0.9999972800299469
2.722713633111154,0.430332076247842,1.534883446394668,-2.277459273225925,0.7376209929310131,1.6639205430431796,-2.4689244512774566,0.9997419564828489
2.7358036025011114,0.4276262800232924,1.5333121588593766,-2.2613628083041397,0.7325793365554645,1.658859409667623,-2.4465226806903333,0.9990266957797566
2.748893571891069,0.42492048379874287,1.533676938209357,-2.2434712085631747,0.7270818250296419,1.655582527128889,-2.4217953862894324,0.997793509361088
2.7619835412810265,0.42221468757419334,1.5359163289421325,-2.2237466659570977,0.7210809944161702,1.6540872019182988,-2.3948380723327185,0.9959905820390781
2.7750735106709836,0.41950889134964386,1.5399726899598452,-2.2021458045717255,0.7145254626698869,1.6543605786346645,-2.365719360636307,0.9935706978810381
2.788163480060941,0.4168030951250943,1.5457926145875374,-2.178619164853789,0.7073597799484536,1.656371895763792,-2.334468105347418,0.9904872835917677
2.8012534494508987,0.4140972989005448,1.553327278506534,-2.15311064651459,0.6995242708607925,1.6600606919733185,-2.3010568340656965,0.98668699562475
2.8143434188408563,0.4113915026759953,1.562532705614957,-2.125556907524781,0.6909548839717053,1.6653219388742184,-2.2653839741764266,0.9820980803868893
2.827433388230814,0.40868570645144564,1.5733699467487101,-2.0958867071427525,0.6815830652732092,1.6719928381345102,-2.2272622984349475,0.9766153290694713
2.8405233576207713,0.40597991022689617,1.5858051694468784,-2.0640201717639424,0.6713356744538861,1.6798514645596676,-2.1864270436372175,0.970086004111142
2.8536133270107285,0.4032741140023467,1.5998096570209506,-2.0298679527241013,0.6601349652092159,1.6886408543247844,-2.142578611656449,0.9623059046818274
2.866703296400686,0.4005683177777971,1.6153597110417839,-1.993330234264473,0.6478986528786563,1.698125305474714,-2.0954617660912955,0.953036552826913
2.8797932657906435,0.3978625215532476,1.6324364422858972,-1.9542955373304838,0.6345400936263182,1.7081628293789983,-2.0449525065825154,0.9420462712514128
2.892883235180601,0.3954514019181529,1.6508712006262227,-1.9127723660719742,0.6199685986873731,1.718769797615617,-1.9914426826703293,0.9292672553962934
2.9059732045705586,0.39304028228305826,1.6708121603546284,-1.8684936722409087,0.6040899049747572,1.7300557472326188,-1.9347466418020618,0.91451390046698
2.919063173960516,0.3906291626479636,1.6922531298201366,-1.8213028524487473,0.5868068204502794,1.742181627280321,-1.8750388528379907,0.8977456393676811
2.9321531433504733,0.388218043012869,1.715189874335783,-1.7710233039716332,0.5680200604553363,1.7552615694281513,-1.8123994261725136,0.8789254334111084
2.945243112740431,0.3858069233777744,1.7396184619728263,-1.717454954885301,0.5476292907614668,1.7693045878527316,-1.7467628664177948,0.8579616345481761
2.9583330821303884,0.3833958037426797,1.765532926894517,-1.6603700394815064,0.525534394593967,1.7842039679786086,-1.6779289514393156,0.834670769012504
2.971423051520346,0.380984684107585,1.7929220131442754,-1.5995080226297076,0.5016369833735095,1.7997654296876926,-1.60561319596304,0.8087712986310246
2.9845130209103035,0.3785735644724904,1.821764689833231,-1.5345695915639872,0.4758421728679277,1.815761335336027,-1.5295126457848744,0.7799113239404957
2.997602990300261,0.3761624448373957,1.852024037139654,-1.4652096620110844,0.44806064636637966,1.8320065541770538,-1.4493730374005085,0.747739075973618
3.010692959690218,0.37375132520230114,1.883638988881526,-1.3910293967749678,0.4182110233860732,1.8484593353301872,-1.365049932266576,0.7120394868674995
3.0237829290801757,0.3713402055672065,1.916513280558816,-1.3115673219824124,0.3862225458271058,1.8653491084963,-1.2765530818964193,0.6729754341118769
3.036872898470133,0.36892908593211177,1.9505007929636506,-1.2262897669592905,0.35203808326536024,1.8833130162190415,-1.1840484700657519,0.6314685955037297
3.0499628678600907,0.36651796629701716,1.9853863061507693,-1.134581071793927,0.31561744520603807,1.9034545120636785,-1.0877598247341764,0.5896502996971262
3.0630528372500483,0.3641068466619225,2.0208604994837565,-1.0357343332231033,0.2769409706334784,1.9269795889567067,-0.9876183537717995,0.5507456087783464
3.076142806640006,0.3616957270268278,2.0564878759774667,-0.9289439350541826,0.23601334415776537,1.9531585603861439,-0.8822686581643369,0.5156179014370519
3.089232776029963,0.35928460739173324,2.0916661999042123,-0.8133017848337413,0.1928675636887165,1.974756838956546,-0.7678439618183559,0.4727152707508663
3.1023227454199205,0.3568734877566386,2.1255760974732114,-0.6878001134680614,0.14756895733703826,1.984778939391191,-0.6422405583808952,0.4059432572061341
3.115412714809878,0.3544623681215439,2.1571198194442527,-0.551344948018158,0.10021911800392268,1.990930012906953,-0.5088679796919101,0.326876191787295
3.1285026841998356,0.35205124848644925,2.1848490330903148,-0.40278592854890405,0.05095959420800223,1.9980650678046288,-0.36835153433850487,0.2499255376153203
3.141592653589793,0.3496401288513546,2.2068513636493163,-0.24126139094176086,-1.9111249335250255e-14,2.0037376513088105,-0.21905622680348308,0.17637032617237586
3.1546826229797507,0.3475275313796744,2.220266097009116,-0.07886862560363614,-0.050959594208041754,2.004493357052098,-0.07120391394314418,0.10715448050896995
3.1677725923697078,0.34541493390799427,2.225288795383812,0.07236673464815069,-0.10021911800395919,1.9998978001486,0.06503698473968725,0.04369373063169625
3.1808625617596653,0.3433023364363141,2.2239208309002008,0.21288231519861017,-0.1475689573370785,1.990954956938136,0.19058191946409245,-0.010561705594820078
3.193952531149623,0.3411897389646339,2.217778845736814,0.3434883934542827,-0.19286756368875352,1.977719596131966,0.30630814613651425,-0.0509628080917927
3.2070425005395804,0.33907714149295376,2.2081322328615176,0.46500673190215586,-0.23601334415780312,1.9609892152921389,0.4129613130626124,-0.0893525323759262
3.220132469929538,0.33696454402127357,2.325038863069166,0.6122139382213863,-0.5035175244165111,2.127706044963257,0.5602535587060656,-0.6003080613611745
3.2332224393194955,0.33485194654959327,2.3197295165214458,0.7270386572890473,-0.5335089502832417,2.0487168310149673,0.6420991427570273,-0.521881588856338
3.2463124087094526,0.33273934907791325,2.311942739112408,0.8350192655167246,-0.5610367196671433,2.133422759956967,0.7705420536236365,-0.6816369479168558
3.25940237809941,0.33062675160623306,2.302225113097836,0.9365912541702123,-0.5862035140733762,2.1288612454255222,0.8660633629890904,-0.7124581899294031
3.2724923474893677,0.32851415413455287,2.29102340941777,1.0321582661457291,-0.6091234143401595,2.116977891904595,0.9537467934177011,-0.7349713870451527
3.2855823168793252,0.3264015566628726,2.2787047482813794,1.1220918542067262,-0.6299185396558017,2.1031447991624526,1.0356416947554545,-0.7550269521568069
3.2986722862692828,0.32428895919119244,2.265572726919049,1.2067329074562338,-0.648716093396278,2.088808538483905,1.1125813666515565,-0.7738527142293965
3.3117622556592403,0.3221763617195123,2.2518802349585507,1.2863939474791053,-0.6656458104581288,2.074704332433896,1.1851816338273276,-0.7919103167981704
3.3248522250491974,0.3200637642478321,2.23783959535191,1.361361782233497,-0.6808377884323924,2.06129064607652,1.253960432853404,-0.8094015978997995
3.337942194439155,0.31795116677615193,2.2236305717692435,1.4319002020277019,-0.6944206764449121,2.0488527686341604,1.3193525626867124,-0.8263897769640234
3.3510321638291125,0.3158385693044718,2.2094066878130474,1.4982525331622851,-0.706520190425223,2.0375347524614362,1.3817019841210192,-0.8428416681518595
3.36412213321907,0.3137259718327916,2.195300217421649,1.5606439505451262,-0.7172579215590867,2.027351093300486,1.441248533700095,-0.8586504560715513
3.3772121026090276,0.3116133743611114,2.181426133033964,1.6192835055694534,-0.7267504052009469,2.018192028729635,1.4981140152788153,-0.873654257769987
3.3903020719989847,0.3095007768894313,2.1678852393492583,1.6743658607003975,-0.7351084198147422,2.0098261199948464,1.5522889220249736,-0.8876537469094314
3.4033920413889422,0.3073881794177511,2.1547666748072016,1.7260727450996844,-0.7424364885539689,2.0018996823448254,1.603618860695576,-0.9004277016916078
3.4164820107789,0.3055541568310388,2.1424580493656347,1.7745309489475707,-0.7488936619278491,1.9943255543641825,1.6518374394981181,-0.9118945889675026
3.4295719801688573,0.30372013424432653,2.130726839841213,1.8199537829880017,-0.7544987535127516,1.9861350434815,1.6964511444266455,-0.921670243329715
3.442661949558815,0.30188611165761425,2.119637061136293,1.8624892585784336,-0.7593368586840911,1.9765669161399604,1.736775940404953,-0.9295083211969654
3.4557519189487724,0.30005208907090186,2.1092474936957126,1.9022762203642414,-0.763486352314246,1.9648158911036555,1.7720170621093851,-0.9351903303663465
3.4688418883387295,0.2982180664841897,2.099612705052879,1.9394449608677407,-0.7670190373657668,1.9505547632667506,1.801757818196758,-0.9387389673190609
3.481931857728687,0.2963840438974774,2.0907839728831425,1.9741177730313506,-0.7700003536483696,1.935661258709627,1.8276509400048306,-0.9412033271818536
3.4950218271186446,0.29455002131076513,2.08281013474418,2.0064094636042844,-0.7724896240474592,1.9267866793651693,1.856109187936028,-0.9458438835528117
3.508111796508602,0.29271599872405274,2.075738379399536,2.036427843729446,-0.7745403182057542,1.9309391147301416,1.8943708016422804,-0.9555053331275517
3.5212017658985597,0.29088197613734046,2.069614986967081,2.064274208417761,-0.7762003167419854,1.9437781943940613,1.9387621460224418,-0.9670393151050437
3.5342917352885173,0.2890479535506282,2.064486018965291,2.0900438137401105,-0.7775121620775254,1.9563599934888045,1.9805792164624303,-0.9763688206360492
3.5473817046784744,0.2872139309639159,2.0603979533327355,2.1138263590373048,-0.7785132844789541,1.9655861418451144,2.016555972048989,-0.9829319222523243
3.560471674068432,0.2853799083772036,2.057398252376766,2.1357064805769097,-0.7792361939327941,1.9719988627199914,2.0470566386143307,-0.9875025454340229
3.5735616434583894,0.28354588579049134,2.0555358421559764,2.1557642621183026,-0.7797086300988647,1.9767475259739566,2.073134208769524,-0.9907786825957707
3.586651612848347,0.28171186320377906,2.0548614688859352,2.174075765893071,-0.7799536641960165,1.9807523903618258,2.095667194759911,-0.9932034743726339
3.5997415822383045,0.2798778406170668,2.055427880581806,2.1907135833764624,-0.7799897488337023,1.9846502455744564,2.1152774525957643,-0.9950433358427991
3.612831551628262,0.2780438180303545,2.0572897597126283,2.2057473971789934,-0.7798307153791205,1.9888735962792765,2.132394203393025,-0.9964609427436248
3.625921521018219,0.2762097954436422,2.0605033055611433,2.2192445308579183,-0.7794857247036785,1.9937213052559988,2.1473176436081145,-0.9975589237189535
3.6390114904081767,0.27437577285692993,2.065125335944515,2.231270438817084,-0.7789591878428872,1.9994050155679621,2.160262735055258,-0.9984041680539888
3.6521014597981343,0.27254175027021765,2.009915737264458,2.297003127485461,-0.7782506904624956,1.9370355319910195,2.2137130390797086,-0.9982894978887759
3.665191429188092,0.2707077276835054,1.1072306796347668,2.8571396465414907,-0.7773549813602211,1.0870988118513105,2.805190618519599,-0.9999641479198257
3.6782813985780494,0.2691435371157811,1.0277481022504238,2.8997356354422683,-0.7762414037879086,1.007920859667571,2.8437941438022794,-0.9998532817024508
3.691371367968007,0.26757934654805693,1.0353684074378189,2.910278161894017,-0.7749097835782872,1.0162708904504765,2.8565976688102053,-0.9994882237879144
3.704461337357964,0.2660151559803328,1.044559671659492,2.9205127154479054,-0.7733424435400166,1.0258379906281825,2.8681682597026112,-0.9989367727252543
3.7175513067479216,0.26445096541260854,1.0527367320131462,2.9314031564754988,-0.7715199692184821,1.0344750280756485,2.8805524404919955,-0.9981576792836012
3.730641276137879,0.2628867748448843,1.059827765584214,2.942996415094557,-0.7694236645855989,1.0421123390428628,2.893803104166032,-0.9971286134881682
3.7437312455278366,0.26132258427716015,1.0656896181699125,2.955330240316003,-0.7670387930674134,1.0486076882807072,2.907959276853659,-0.9958283320483504
3.756821214917794,0.259758393709436,1.0700988294175673,2.968431557183534,-0.7643582524628127,1.0537345052425835,2.9230372674622354,-0.9942407478661681
3.7699111843077517,0.25819420314171176,1.0727522697831566,2.9823156770562,-0.7613859494520318,1.0571792379351188,2.9390217141088297,-0.9923600175867697
3.783001153697709,0.2566300125739876,1.0732802938973123,2.9969867325340105,-0.7581388723924136,1.058551710500631,2.955859201096172,-0.9901956891272228
3.7960911230876664,0.2550658220062634,1.0712716085145257,3.0124394431423553,-0.7546469535093617,1.0574091222514999,2.9734578253464123,-0.9877763268241648
3.809181092477624,0.2535016314385392,1.0663045791002055,3.028661899969049,-0.7509503805375364,1.0532897947042017,2.991695556197225,-0.9851498105581735
3.8222710618675815,0.251937440870815,1.0579769139784763,3.045638637449058,-0.7470948762187355,1.0457492542381346,3.010438405327998,-0.9823789655379084
3.835361031257539,0.2503732503030908,1.0459263464033213,3.0633530496425605,-0.7431261693690683,1.0343908006409799,3.029567258308518,-0.9795321916422507
3.8484510006474966,0.24880905973536654,1.0298386458283013,3.0817883402569013,-0.739085047851426,1.0188854003581342,3.049010793682328,-0.9766698484421313
3.8615409700374537,0.24724486916764243,1.0094437435529175,3.100926612128788,-0.7350039782360822,0.9989793085740624,3.068780744551649,-0.973828051976901
3.874630939427411,0.24568067859991824,0.9845037090034591,3.120746182071293,-0.7309056028918519,0.9744893564770926,3.0890020127738422,-0.9710027732554728
3.8877209088173688,0.24411648803219405,0.9547970043372173,3.1412175246958123,-0.7268028497449908,0.9452841547999408,3.109920893536993,-0.9681396862801483
3.9008108782073263,0.2425522974644698,0.920102519798498,3.1622983122769095,-0.7227001042745501,0.9112473673392707,3.1318640584038717,-0.9651385703115217
3.913900847597284,0.2409881068967456,0.8801854249614093,3.183927882304402,-0.7185948797671297,0.8722240072894848,3.155128746361629,-0.9618802597602009
3.9269908169872414,0.2394239163290214,0.8347856162553323,3.206021248022699,-0.7144795597816027,0.8279668140040907,3.179833416706665,-0.9582716794604864
3.9400807863771985,0.2380971432168637,0.783684712532365,3.2286185890293457,-0.7102660378888481,0.7781606717833991,3.2058606860570706,-0.9542685072639325
3.953170755767156,0.236770370104706,0.7264631040158127,3.251411150082455,-0.7060134002735837,0.7222991786757581,3.232774782724052,-0.9499230901413508
3.9662607251571136,0.2354435969925483,0.662735376112451,3.27419913994367,-0.7017069739132719,0.6598777166461163,3.2600810673249883,-0.9453028147211927
3.979350694547071,0.2341168238803906,0.5920671305297251,3.2967259862888767,-0.6973314069188425,0.5903791155466084,3.287326844581572,-0.940454372362453
3.9924406639370287,0.2327900507682329,0.513973474714465,3.3186665870354015,-0.6928711443778593,0.5132780113611874,3.3141760615383187,-0.9353637916509042
4.005530633326986,0.2314632776560752,0.4279193460116026,3.3396133595325628,-0.6883107346315895,0.428020578735937,3.340403410652617,-0.9299389904830773
4.018620602716943,0.23013650454391749,0.333322133013093,3.3590597501137793,-0.6836350120667463,0.33399147084245934,3.3658050140466864,-0.9240235581303541
4.031710572106901,0.22880973143175976,0.2295573364624103,3.3763809357723322,-0.6788291935534928,0.23048288517027984,3.3899941143382506,-0.9174633770277439
4.044800541496858,0.22748295831960205,0.11596831154304499,3.3908115783322903,-0.6738789168222341,0.11669465704049223,3.4120492827520827,-0.9102567671213736
4.057890510886816,0.22615618520744435,-0.008118556362264752,3.4014207088082538,-0.668770241514859,-0.008186963373980947,3.430081103082372,-0.9027856005603674
4.0709804802767735,0.2248294120952866,-0.14337159357275786,3.407084159737557,-0.6634896276720246,-0.14479622475502285,3.440939111151625,-0.8960345608850997
4.084070449666731,0.2235026389831289,-0.29042261198963853,3.4064554590938965,-0.658023901923779,-0.29330728891807967,3.4402907152514333,-0.8916267080301229
4.097160419056689,0.22217586587097116,-0.4498247246343074,3.3979367725461076,-0.6523602183834354,-0.4532392771039247,3.4237300043604173,-0.8912053841329776
4.110250388446646,0.22084909275881348,-0.6219973335162822,3.379652326797228,-0.6464860189289944,-0.6246068691786675,3.3938313639056084,-0.8926100232182492
4.123340357836604,0.21952231964665575,-0.8071568631577066,3.349427719740316,-0.6403889959468955,-0.8118505157729372,3.3689047890608714,-0.885129024837094
4.13643032722656,0.21819554653449813,-1.0052326396295117,3.304779530929886,-0.6340570595103755,-1.0181180510417411,3.347141310884067,-0.8668554197061312
4.149520296616518,0.21686877342234043,-1.2157685079456764,3.2429205705905115,-0.6274783102160671,-1.240032920316685,3.3076430580517107,-0.8464631268647844
4.162610266006475,0.21554200031018264,-1.4378122193435199,3.1607868632077105,-0.6206410183944195,-1.4731506550098619,3.23847243418685,-0.8299814684672522
4.175700235396433,0.21421522719802494,-1.6697962106230464,3.055093044401426,-0.6135336100605226,-1.7112735434121316,3.1309808144766587,-0.8229440155313144
4.1887902047863905,0.21288845408586723,-1.9090049874805457,2.9226912782007837,-0.6061446597262027,-1.9368394053807898,2.96530583969452,-0.8405039506978628
4.201880174176348,0.2117821295761747,-2.1354893365828302,2.7735011335926663,-0.5983520121096249,-2.1730993353624024,2.8223477246116966,-0.8271216469638066
4.214970143566306,0.21067580506648217,-2.3329963093672004,2.622320337151535,-0.5902512263324083,-2.4037710551654743,2.7018721369200844,-0.7874462525493211
4.228060112956263,0.20956948055678964,-2.5046188909104745,2.472591919807584,-0.5818313075194371,-2.5938548466309963,2.560686800777942,-0.764278092320917
4.241150082346221,0.20846315604709706,-2.653679142572786,2.326529499618036,-0.5730814519558336,-2.7538532755081633,2.414354011494352,-0.749193872563951
4.254240051736178,0.20735683153740453,-2.7832108702965375,2.1856118992776,-0.5639910723634872,-2.887939050930815,2.2678532990316844,-0.7405799905811594
4.267330021126136,0.206250507027712,-2.895917829875706,2.050769620775508,-0.5545498283456296,-2.9946940892019063,2.120718895506383,-0.742761568366185
4.280419990516093,0.20514418251801947,-2.9941705377216055,1.9225321785877467,-0.5447476616516332,-3.053170357747002,1.9604154758484378,-0.7779135860196922
4.29350995990605,0.204037858008327,-2.975751792452152,1.7401647913038736,-0.6390627605572369,-2.9990483620938866,1.7537881957664139,-0.8804172694328033
4.3065999292960075,0.20293153349863446,-3.0510532405626924,1.6309400681010888,-0.630206293497454,-3.1198222001656526,1.6677005055025051,-0.8432088511036901
4.319689898685965,0.20182520898894193,-3.1176949416207975,1.528112883690272,-0.6209397249365891,-3.2148110916417822,1.5757135767793504,-0.8144689062356022
4.332779868075923,0.20071888447924932,-3.1769067194215768,1.4315120552311749,-0.6112518036893989,-3.2911365223846403,1.4829839284872077,-0.7925377612327638
4.34586983746588,0.1996125599695568,-3.229735579144631,1.340910271337829,-0.6011316561433665,-3.355638805061302,1.3931823303622222,-0.7738613585141744
4.358959806855838,0.19850623545986426,-3.277071520100208,1.2560475579770065,-0.5905688546836977,-3.4112748891257985,1.307485499719494,-0.7571329383618827
4.372049776245795,0.19739991095017173,-3.3196703557377254,1.176647972041922,-0.5795534904698815,-3.4597363635040876,1.2262939809311608,-0.7417861058699325
4.385139745635753,0.1962935864404792,-3.358173562952148,1.1024313017019214,-0.5680762506120329,-3.502192499353708,1.149710270626721,-0.727526074076759
4.39822971502571,0.19518726193078667,-3.3931253587617416,1.0331211095679065,-0.5561284997203343,-3.5395249985369834,1.077696108217569,-0.7141870661217691
4.411319684415668,0.19408093742109409,-3.424987282552145,0.9684501146155197,-0.5437023656983038,-3.572417297514848,1.0101374562344951,-0.7016875937860001
4.4244096538056255,0.19297461291140156,-3.4541505865038293,0.908163651118885,-0.5307908295221702,-3.601394123754383,0.9468768528291991,-0.6900198303747406
4.437499623195583,0.19186828840170903,-3.480946730379458,0.8520217493528489,-0.5173878185972138,-3.626840380823651,0.8877317365773255,-0.6792532496665962
4.45058959258554,0.19076196389201655,-3.5056562546172367,0.7998002384566885,-0.5034883031111709,-3.6490138220436363,0.8325066444145436,-0.6695404462280469
4.463679561975497,0.18985421583751058,-3.528559572886844,0.7510877903797268,-0.48908839461827336,-3.6680771588981376,0.7807854483706909,-0.6611480589033221
4.476769531365455,0.18894646778300464,-3.5498076083434,0.7058966129944881,-0.47418544589034767,-3.6841990092028425,0.7326210006653278,-0.6541840076354933
4.489859500755412,0.18803871972849867,-3.5695693915775926,0.6640507493436237,-0.4587781508685256,-3.69814971709611,0.6879706825750331,-0.6480504627310887
4.50294947014537,0.18713097167399267,-3.587986688653647,0.625389412791979,-0.44286664334700493,-3.712576323828949,0.6471055019370829,-0.639789826607076
4.516039439535327,0.1862232236194867,-3.605177852469838,0.5897663073996416,-0.4264525928265666,-3.7325704576416565,0.6106062962758444,-0.6230464301100793
4.529129408925285,0.18531547556498076,-3.6212410971786286,0.5570488800857226,-0.40953929579825415,-3.7605002417750715,0.5784708590308923,-0.5936373878400946
4.5422193783152425,0.1844077275104748,-3.636257288839296,0.5271175458358435,-0.3921317605664611,-3.7917902520321243,0.5496638475253341,-0.5556397026589525
4.5553093477052,0.18349997945596885,-3.6502923300259478,0.49986491484391105,-0.3742367836060329,-3.8213518431241105,0.5232895179215078,-0.5152920822996321
4.568399317095158,0.18259223140146288,-3.663399202978152,0.47519504155127706,-0.3558630153797002,-3.8474091933376213,0.49906375750875,-0.4756363444259787
4.581489286485115,0.1816844833469569,-3.675619724748598,0.4530227091498179,-0.33702101353117025,-3.869993082403263,0.4769793618139575,-0.4373809688134588
4.594579255875073,0.18077673529245092,-3.686986058380967,0.4332727585807219,-0.31772328142387557,-3.8895613476914352,0.4570782064533337,-0.40043349411399964
4.607669225265029,0.179868987237945,-3.6975220161805407,0.415879467893985,-0.2979842901232922,-3.9065507660725496,0.4393900149304111,-0.3645512069207882
4.620759194654987,0.17896123918343906,-3.7072441843945683,0.4007859856613225,-0.27782048212626154,-3.92129824429616,0.42392712854681,-0.32952508839611605
4.633849164044944,0.1780534911289331,-3.716162892905866,0.3879438206879934,-0.25725025542470553,-3.934053233132058,0.41069018932531054,-0.2952116920341154
4.646939133434902,0.17714574307442715,-3.7242830487006,0.37731238933825245,-0.2362939268502465,-3.9450024086360718,0.39967378023723876,-0.26152581635949834
4.6600291028248595,0.17623799501992118,-3.731604847763582,0.3688586212249235,-0.2149736740725662,-3.95428987423698,0.39087040842732274,-0.22842661481178578
4.673119072214817,0.17533024696541522,-3.7381243765679804,0.362556623703179,-0.19331345610550515,-3.9620313787044874,0.38427312067876757,-0.1959050178182724
4.686209041604775,0.17442249891090922,-3.74383411136382,0.3583874054683489,-0.17133891269368418,-3.9683238828271437,0.37987722161824633,-0.163973509968571
4.699299010994732,0.17351475085640328,-3.7481607805195987,0.3622078693949845,-0.14907724348856655,-3.9729001129374666,0.3839258157508083,-0.13080918424909294
4.71238898038469,0.1726070028018973,-3.775125991709987,0.19103812487908897,0.008229125621516677,-3.9931869564185445,0.20207297719891276,0.05834324741420845
4.725478949774647,0.1718652257450613,-3.7326888536736944,-0.5923533070680727,0.030641586662122907,-3.946926549646042,-0.6263514281766578,0.08575254349233946
4.738568919164605,0.17112344868822527,-3.729616668821957,-0.6038740344997283,0.053136441762040715,-3.9411948123318425,-0.6381313211000785,0.12206973983944922
4.751658888554562,0.17038167163138923,-3.726979106389706,-0.6084548722372581,0.07568156891009523,-3.9353690794949183,-0.6424759630032013,0.15781613569199276
4.764748857944519,0.16963989457455328,-3.7232836888910743,-0.6153333764946579,0.09824450498367408,-3.9279508781260035,-0.649157968745137,0.1928335160399646
4.7778388273344765,0.16889811751771724,-3.718509067693269,-0.6245319776061438,0.12079264027917752,-3.9189962664735862,-0.6582042544406496,0.2270404666958794
4.790928796724434,0.1681563404608812,-3.712629628452825,-0.6360796731246987,0.14329341137014548,-3.908555726535314,-0.6696474191421872,0.26038188224573605
4.804018766114392,0.1674145634040452,-3.70561506892137,-0.6500121459141717,0.16571448921085713,-3.8966698128674793,-0.6835255847872604,0.2928278792965307
4.817108735504349,0.1666727863472092,-3.6974298491236977,-0.6663719217986611,0.18802395962436969,-3.8833653090694646,-0.6998822721854153,0.3243716596571738
4.830198704894307,0.16593100929037316,-3.688032504577487,-0.6852085639139064,0.21019049361610465,-3.868652304467213,-0.7187663575459435,0.3550257900161095
4.843288674284264,0.16518923223353715,-3.677374810861646,-0.7065788997012887,0.23218350531976073,-3.8525232190431886,-0.7402323008100947,0.3848152296891505
4.856378643674222,0.16444745517670112,-3.665400785078912,-0.7305472749344244,0.25397329579145667,-3.8349563243201787,-0.7643412157353832,0.41376313328258835
4.869468613064179,0.16370567811986508,-3.6520455065302606,-0.757185827161815,0.2755311813010744,-3.8159295364771055,-0.7911642276368435,0.44186125105245233
4.882558582454137,0.16296390106302908,-3.6372337351589135,-0.7865747683383598,0.2968296052071308,-3.7954555848200098,-0.8207912426716505,0.4690113074220849
4.895648551844094,0.16222212400619307,-3.6208783019688857,-0.818802663009315,0.31784223292577723,-3.773651926139779,-0.8533499302402219,0.49492691938063593
4.908738521234052,0.16148034694935703,-3.602878240622656,-0.8539666839521827,0.33854402990109034,-3.7508298099021644,-0.889034677529814,0.5190379200181882
4.921828490624009,0.16073856989252105,-3.5831166237348473,-0.8921728213471849,0.35891132284098437,-3.7274669525715582,-0.9281151178628934,0.5406045910043467
4.934918460013966,0.15999679283568505,-3.561458060988655,-0.9335360139156541,0.37892184479294555,-3.703807245890747,-0.9708488471378854,0.559346421107991
4.948008429403924,0.159255015778849,-3.5377458091389826,-0.9781801604930515,0.39855476489126057,-3.679258415723835,-1.0173081339792673,0.5761976981073584
4.961098398793881,0.15851323872201298,-3.511798436332265,-1.026237957496982,0.4177907038109935,-3.652483863498386,-1.067349862989866,0.5929449808302952
4.974188368183839,0.15777146166517697,-3.4834059751878144,-1.077850490823263,0.4366117361141835,-3.6222225433904,-1.1208037116758771,0.6109599259623718
4.987278337573796,0.1571894639640947,-3.452232392926846,-1.1332157422587439,0.45510313909718,-3.587594733194809,-1.1776492326619175,0.6308114746997568
5.000368306963754,0.15660746626301242,-3.418081028834877,-1.192438602258165,0.4731438189620844,-3.548491438035131,-1.237933839133715,0.6519904258400511
5.013458276353711,0.15602546856193014,-3.380626715520258,-1.255678603243131,0.4907198966931548,-3.5048528625165885,-1.3018203774977375,0.6739094312359202
5.026548245743669,0.15544347086084784,-3.3394936375317736,-1.3230971322181786,0.5078188647035702,-3.4566671136985434,-1.3695209039379155,0.6959583274730486
5.0396382151336265,0.15486147315976556,-3.2942477175170812,-1.3948536661895552,0.5244295435139702,-3.403878761350083,-1.4412737525132115,0.7176160796695975
5.052728184523584,0.15427947545868329,-3.2443880139518866,-1.4711005719680945,0.5405420330488953,-3.3463139182362887,-1.517316762955839,0.7385088967112341
5.065818153913541,0.15369747775760104,-3.1893370947440474,-1.5519760348272615,0.5561476596858088,-3.2835908974904378,-1.5978412534317168,0.758458839410548
5.078908123303498,0.15311548005651876,-3.128430407867497,-1.6375945648878014,0.5712389200937298,-3.215002423965147,-1.6829111756317587,0.7775402040055729
5.091998092693456,0.15253348235543648,-3.0609047646939165,-1.7280343911886369,0.5858094227950382,-3.1393640527552953,-1.7723285978043062,0.7961484963929089
5.105088062083413,0.1519514846543542,-2.9858862012998815,-1.8233208916136296,0.5998538282782,-3.0548802650100475,-1.8654518735999162,0.8150334291313236
5.118178031473371,0.1513694869532719,-2.90237771149684,-1.9234050271896912,0.6133677883849596,-2.9596217846974606,-1.9613406610442197,0.8348195577838915
5.1312680008633285,0.15078748925218963,-2.8092476839889025,-2.028135565105468,0.6263478855952264,-2.8553229040533727,-2.061399557104253,0.8531406337482573
5.144357970253286,0.15020549155110735,-2.7052203642955757,-2.137223713690223,0.6387915727385078,-2.748797743855632,-2.171651448378847,0.8642074782388804
5.1574479396432436,0.14962349385002507,-2.5888703458845446,-2.2501987050640633,0.6506971135739139,-2.6342242586990063,-2.2896194956984517,0.8716100750302554
5.170537909033201,0.1490414961489428,-2.458624021361769,-2.366352932936162,0.6620635246017929,-2.503336010644601,-2.4093869007399245,0.880279845801502
5.183627878423159,0.14845949844786052,-2.3127721281873437,-2.4846756205153397,0.6728905183998829,-2.3545115648178085,-2.529517461761085,0.8901096581003543
5.196717847813116,0.14787750074677822,-2.149498999637115,-2.6037748605289432,0.6831784487150743,-2.1863573267030723,-2.6484228391656837,0.9007763326056597
5.209807817203074,0.14729550304569594,-1.9669357892386847,-2.7217895183955094,0.6929282574882738,-1.9952411613019134,-2.760957683120297,0.9136747873338003
5.22289778659303,0.1467135053446137,-1.763246522756862,-2.836295272586794,0.7021414239439074,-1.775219968954431,-2.855555329764528,0.9320302685122868
5.235987755982988,0.14613150764353142,-1.5371738588279606,-2.9439956387162063,0.7108199158367581,-1.5461451120563254,-2.961177384441613,0.940233893716093
5.2490777253729455,0.14568964006768595,-1.3054065749913715,-3.0334053891763313,0.7190087458944503,-1.3195913164998667,-3.0663668221584097,0.9410555523277901
5.262167694762903,0.1452477724918405,-1.0869333330568527,-3.0983575826798107,0.7266628116226309,-1.1001719071562452,-3.1360947972791315,0.9462376052226134
5.275257664152861,0.14480590491599504,-0.8831110426656879,-3.142779423727795,0.7337852365154187,-0.8936066807290322,-3.180130870772105,0.9528963551796547
5.288347633542818,0.14436403734014955,-0.694211462585085,-3.17031820513002,0.7403794677483664,-0.7012329774792286,-3.202383991559997,0.9605056886770615
5.301437602932776,0.1439221697643041,-0.5200364561524565,-3.184116843408696,0.7464492383067288,-0.5226610498660005,-3.200186895712779,0.9701296438554852
5.314527572322733,0.14348030218845864,-0.3600736612528671,-3.186841404130676,0.7519985313200023,-0.35778068961616116,-3.166547398384946,0.9824177918427701
5.327617541712691,0.14303843461261317,-0.21361420604119796,-3.1807265766739734,0.7570315465622178,-0.21294299040562178,-3.1707321411431053,0.9840531609685779
5.340707511102648,0.14259656703676774,-0.08253664669373798,-3.274662414566212,0.729649357877705,-0.08434516296493412,-3.346415756828744,0.9376879382851134
5.353797480492606,0.14215469946092227,0.04355850320595408,-3.256579514590553,0.7364899093496329,0.04441503929665796,-3.320617020041669,0.9471083233626914
5.366887449882563,0.1417128318850768,0.15841760059560667,-3.23407711267341,0.7428172999324522,0.16127201528459922,-3.2923496605534566,0.9550958038242987
5.37997741927252,0.1412709643092314,0.26290728156717097,-3.2082118575306566,0.7486346185223057,0.26735080425663127,-3.262435392521987,0.9619085243059463
5.393067388662478,0.1408290967333859,0.3578566865682569,-3.1798438410852494,0.7539451088542276,0.36368191265463284,-3.231605649621859,0.9677258086155833
5.406157358052435,0.14038722915754046,0.4440466689055493,-3.149670822585524,0.7587521450261003,0.45121238425268956,-3.200498012906462,0.972680495037272
5.419247327442393,0.139945361581695,0.5222042904270462,-3.1182571148365286,0.7630592087335953,0.5308189956533079,-3.169698411578924,0.9768690637008459
5.43233729683235,0.13950349400584952,0.5930009169857767,-3.0860577122032415,0.7668698681747114,0.6033230127466502,-3.1397753074320334,0.9803601400914077
5.445427266222308,0.13906162643000408,0.6570526932228433,-3.0534382930232478,0.7701877585832233,0.6695002195640594,-3.1112841157033997,0.9832054700489022
5.458517235612265,0.13861975885415861,0.7149225273786227,-3.0206917121843806,0.7730165643519192,0.7300676065449965,-3.084682722911076,0.9854613027504683
5.471607205002223,0.13817789127831312,0.7671229763204038,-2.988051547286993,0.7753600027087959,0.7855956155762884,-3.060005067146065,0.987240051636593
5.48469717439218,0.13773602370246768,0.8141196099956497,-2.9557031947696313,0.7772218089125266,0.8362614175481301,-3.036090168031693,0.9888138408663314
5.497787143782138,0.1372941561266222,0.8563345705522819,-2.9237929425543014,0.7786057229374471,0.8815268445066858,-3.0098072123592408,0.9906752541933704
5.5108771131720955,0.13698670935564647,0.8942667663499231,-2.8923993232454404,0.7795154776229979,0.9205613582957668,-2.977446048463241,0.9931898271663928
5.523967082562053,0.13667926258467072,0.9281416097874251,-2.861645041331516,0.7799547882681672,0.9529657611142882,-2.938182833410519,0.9960440390130851
5.53705705195201,0.13637181581369498,0.9582720206963965,-2.831598789906879,0.7799273436579304,0.9796418246164267,-2.8947444412601664,0.9984297822484418
5.550147021341967,0.13606436904271924,0.9849408314445457,-2.8023125079616356,0.7794367985161624,1.001783916882433,-2.850233751033703,0.9997761171752363
5.563236990731925,0.13575692227174346,1.0084035800195623,-2.77382467219722,0.7784867673880379,1.020269731637965,-2.806465000707874,0.9999043259027953
5.576326960121882,0.13544947550076772,1.0288910576480879,-2.7461629838868937,0.777080819964728,1.0356436243106644,-2.764185930511957,0.9988389983998993
5.58941692951184,0.13514202872979195,1.0466116162864927,-2.719346562415091,0.7752224778743863,1.0482539184129092,-2.7236136549759054,0.9966630418169614
5.602506898901797,0.1348345819588162,1.0617532469599558,-2.6933877363729715,0.7729152129762207,1.0583502583769788,-2.684755252561266,0.9934612526015967
5.615596868291755,0.13452713518784046,1.0744854430616562,-2.668293506131973,0.7701624472091623,1.0661323378919745,-2.6475500549998756,0.9893063858555134
5.6286868376817125,0.1342196884168647,1.0849608641664013,-2.6440667379988163,0.7669675540635675,1.0717719459961967,-2.6119251364021365,0.9842591958718497
5.64177680707167,0.13391224164588894,1.0933168162323077,-2.6207071388084016,0.7633338617639799,1.0754228836344693,-2.5778149448859513,0.9783718106273473
5.654866776461628,0.1336047948749132,1.0996765636575465,-2.598212050661111,0.7592646582737335,1.077225697641075,-2.545167262257364,0.9716913177818981
5.667956745851585,0.13329734810393745,1.1041504878016724,-2.5765770980639364,0.7547631982587328,1.0773102377788302,-2.513944355263766,0.9642629086981795
5.681046715241543,0.13298990133296168,1.1068371054602313,-2.555796713666859,0.749832712178908,1.0757972875624224,-2.4841226938994683,0.9561326095805294
5.694136684631499,0.13268245456198596,1.1078239595242336,-2.5358645638309043,0.7444764177126169,1.0727997642921419,-2.455692425647596,0.9473497515656678
5.707226654021457,0.1323750077910102,1.1071883927429809,-2.5167738912063284,0.7386975337628701,1.0684236458855079,-2.4286569063918404,0.9379692842365825
5.7203166234114144,0.13206756102003445,1.104998214194689,-2.4985177881603886,0.732499297346246,1.0627686063429342,-2.4030321800849563,0.9280539223882128
5.733406592801372,0.13176011424905867,1.101312266783341,-2.4810894121304816,0.7258849837277876,1.0559282198359536,-2.37884604141994,0.9176759453089958
5.7464965621913295,0.13145266747808293,1.0944593510170837,-2.4652471633945954,0.7188579302403869,1.046715772813242,-2.3577057360880898,0.9073437355771756
5.759586531581287,0.13114522070710719,1.5295919802968259,-2.200854171763979,0.7114215643185382,1.464159977622631,-2.106707302594053,0.9006896811425626
5.772676500971245,0.13096638753552112,1.6833301332230146,-2.0638543258643463,0.7035794363877796,1.6074587960569207,-1.9708319386754811,0.8895932552220507
5.785766470361202,0.13078755436393505,1.67270108957244,-2.050959027587364,0.6953352583881026,1.5991827754336463,-1.9608155757680648,0.8828014035080204
5.79885643975116,0.13060872119234898,1.6646243970716526,-2.036237018450693,0.6866929488787498,1.5953883680448104,-1.9515446604851414,0.8776361952536066
5.811946409141117,0.13042988802076289,1.6578176637576252,-2.0207378356063463,0.6776566858823289,1.5935817057794828,-1.942439700937762,0.8731139191625092
5.825036378531075,0.13025105484917682,1.652276113048372,-2.0044666009459555,0.6682309688895975,1.5924062382268096,-1.931835178428305,0.8680632834854751
5.838126347921032,0.13007222167759075,1.6479985003637752,-1.9874224609887707,0.6584206917784521,1.5912625870430541,-1.919001143582582,0.8619027549152889
5.851216317310989,0.12989338850600468,1.6449871090200185,-1.969598440348232,0.648231228822427,1.5901043956244154,-1.903885520098993,0.8545111101072289
5.864306286700947,0.1297145553344186,1.6432477503573233,-1.9509812162696774,0.6376685365035925,1.5890789323239825,-1.8866681226003887,0.8459363523730231
5.877396256090904,0.12953572216283255,1.6427897663513877,-1.9315508089067661,0.6267392745406015,1.5883488533730559,-1.867540555340074,0.8362451993666328
5.890486225480862,0.12935688899124648,1.643626032289353,-1.9112801803340278,0.6154509504473944,1.588045497095192,-1.8466487050214875,0.8254807553606909
5.903576194870819,0.12917805581966038,1.645772956305861,-1.8901347334217877,0.6038120931251793,1.5882704763728268,-1.824094375811781,0.813661806609807
5.916666164260777,0.1289992226480743,1.6492504716460648,-1.8680716995695203,0.5918324625623108,1.5891076899330445,-1.7999492218846445,0.8007925531455478
5.929756133650734,0.12882038947648825,1.6540820164274355,-1.8450394018308243,0.5795233048197702,1.590634112230835,-1.7742666819513375,0.7868726798895078
5.942846103040692,0.12864155630490218,1.660294494400307,-1.8209763770676415,0.5668976643236171,1.5929270470803647,-1.7470891657525949,0.7719053185089393
5.955936072430649,0.1284627231333161,1.6679182087685227,-1.7958103373080403,0.5539707693762087,1.5960681537895969,-1.7184509855190984,0.7559027161881797
5.969026041820607,0.12828388996173004,1.6769867595946149,-1.7694569462406835,0.5407605121865219,1.6001450996277784,-1.6883781850572313,0.73889001308671
5.9821160112105645,0.12810505679014395,1.68753689384317,-1.7418183814341917,0.5272880522844607,1.6052516738095925,-1.656886366437806,0.7209076591167264
5.995205980600522,0.12792622361855788,1.6996082960808239,-1.712781645859666,0.5135785829553995,1.611487042443915,-1.6239773806725157,0.7020130115533011
6.008295949990479,0.1277473904469718,1.7132433080064702,-1.6822165826065163,0.49966231589914756,1.6189546444153537,-1.5896354806091901,0.6822816294563587
6.021385919380436,0.12756855727538574,1.728486567844194,-1.6499735323614073,0.48557576215370124,1.6277610621366572,-1.553823280723389,0.6618087424323784
6.034475888770394,0.1275197065510722,1.7453906145660143,-1.6158740203787278,0.47136342125538555,1.6380455402941192,-1.516494480186397,0.6407518305976994
6.047565858160351,0.12747085582675863,1.7639927083265519,-1.5797316289761993,0.4570800413173713,1.6498780010887117,-1.4775369818532003,0.6192061509626794
6.060655827550309,0.12742200510244509,1.7843414629948364,-1.541319612843601,0.44279368727894197,1.6633697763641824,-1.4368238999604575,0.5973417263005222
6.073745796940266,0.12737315437813151,1.806486087257377,-1.5003762777025373,0.4285899544642177,1.6786342138982415,-1.394188956803151,0.5753653711131469
6.086835766330224,0.12732430365381797,1.8304765706257924,-1.4565978024347885,0.4145777409263318,1.6957880311784448,-1.3494196862433934,0.5535304940221845
6.0999257357201815,0.1272754529295044,1.8563649758447798,-1.409627258202165,0.40089667252774885,1.7149542154271997,-1.302247262844838,0.5321500245008646
6.113015705110139,0.12722660220519086,1.8842082417953332,-1.3590342870327345,0.3877230088398868,1.7362660472382936,-1.2523271246066168,0.5116078568658351
6.126105674500097,0.1271777514808773,1.9140668228989282,-1.3042650432913308,0.37524747979465883,1.7598597833752279,-1.1991867624946382,0.4923283046723758
6.139195643890054,0.12712890075656375,1.9459840148727268,-1.2444960971333026,0.3635352810550813,1.7858199422627075,-1.1420679365005546,0.4745679512358827
6.152285613280012,0.12708005003225017,1.980125040327748,-1.1782173223721408,0.3524031058342002,1.8143025195079847,-1.0795493279322939,0.4582745808724263
6.165375582669968,0.12703119930793663,2.018005519093868,-1.1002317372905026,0.340914413056304,1.8466502501617066,-1.006807560078258,0.44259435981848216
6.178465552059926,0.1269823485836231,2.0709027221376193,-0.975510598489918,0.3211046626412081,1.891436199257481,-0.8909718641146999,0.4163163674410094
6.191555521449883,0.12693349785930952,2.041197803394598,-0.8753292690951936,-0.03880678780602791,1.838349023001772,-0.7883413865965868,-0.022461981474231632
6.204645490839841,0.12688464713499598,2.0703693986006764,-0.8188314385482389,-0.09981477012562677,1.8635859963060428,-0.7370485688423524,-0.0898451183181546
6.2177354602297985,0.1268357964106824,2.1136145272994624,-0.7095972874067877,-0.12168528331344977,1.9028895338470195,-0.6388512351766684,-0.12033508485767334
6.230825429619756,0.12678694568636886,2.155713058697526,-0.5929759252800549,-0.1561095605282956,1.9410297870493847,-0.5339226059460703,-0.16148255496577044
6.243915399009714,0.1267380949620553,2.203739850286932,-0.4650264075885355,-0.22203474277577168,1.9844952859135714,-0.41876209370385314,-0.235794414512838
6.257005368399671,0.12668924423774175,2.283222206473187,-0.32593677902584794,-0.3567578665606549,2.0600749536737597,-0.2940818432163989,-0.3941633953361029
6.270095337789629,0.12664039351342818,2.5596675485523805,-0.1779374143735807,-0.6480040793266033,2.426298997369038,-0.16866618883113252,-0.8231351005822015
