s,A_x,A_y,A_z,B_x,B_y,B_z
0.0,0.0,0.0,0.0,-0.0,0.0,0.0
0.01308996938995747,0.03774036758279155,0.0,0.0,-0.2642699481273802,0.13214629535739938,0.0
0.02617993877991494,0.07249246548756232,0.0,0.0,-0.3157392464374948,0.15792373974012294,0.0
0.039269908169872414,0.10439798931459127,0.0,0.0,-0.33497635419324157,0.1676174040405602,0.0
0.05235987755982988,0.1336300164901204,0.0,0.0,-0.3439102549755534,0.17219110941880655,0.0
0.06544984694978735,0.16037732135697735,0.0,0.0,-0.34830023560597506,0.1745237866268452,0.0
0.07853981633974483,0.18483311274045863,0.0,0.0,-0.3502991243971556,0.1756911594090758,0.0
0.09162978572970229,0.20718733917448826,0.0,0.0,-0.35089087274199704,0.17618454329032654,0.0
0.10471975511965977,0.2276217315787681,0.0,0.0,-0.3505881602663294,0.1762596489323676,0.0
0.11780972450961724,0.2463068631059819,0.0,0.0,-0.3496840067829562,0.17606238740841798,0.0
0.1308996938995747,0.2634006429700391,0.0,0.0,-0.3483578269710753,0.1756818964638982,0.0
0.14398966328953217,0.2790477940949972,0.0,0.0,-0.34672548119066154,0.1751755647536117,0.0
0.15707963267948966,0.29337997941849836,0.0,0.0,-0.34486502015866743,0.17458190300741372,0.0
0.17016960206944712,0.3065163345608869,0.0,0.0,-0.3428308585909296,0.17392762970712303,0.0
0.18325957145940458,0.31856423626557945,0.0,0.0,-0.3406620205505748,0.17323179265617697,0.0
0.19634954084936207,0.32962018957136274,0.0,0.0,-0.3383871600546341,0.17250827822146397,0.0
0.20943951023931953,0.33977075567182335,0.0,0.0,-0.3360277379392918,0.1717673987480029,0.0
0.222529479629277,0.34909347020740555,0.0,0.0,-0.3336000991871692,0.1710169302472391,0.0
0.23561944901923448,0.3576577211585482,0.0,0.0,-0.3311168703969906,0.17026281019756942,0.0
0.24870941840919195,0.3655255688223042,0.0,0.0,-0.32858792349972654,0.1695096185072876,0.0
0.2617993877991494,0.37275249928888016,0.0,0.0,-0.3260210550300611,0.16876091629239356,0.0
0.2748893571891069,0.3793881086769425,0.0,0.0,-0.32342247428343585,0.16801948913237183,0.0
0.28797932657906433,0.38547671907808523,0.0,0.0,-0.3207971602614214,0.16728752475329517,0.0
0.3010692959690218,0.3910579293776633,0.0,0.0,-0.3181491267712402,0.16656674481917202,0.0
0.3141592653589793,0.39616710534097516,0.0,0.0,-0.3154816221031527,0.16585850404143873,0.0
0.32724923474893675,0.40083581391689893,0.0,0.0,-0.3127972813648609,0.16516386564425906,0.0
0.34033920413889424,0.40509220684885505,0.0,0.0,-0.3100982440594278,0.1644836594770175,0.0
0.3534291735288517,0.40896135855535004,0.0,0.0,-0.3073862458091928,0.16381852722342233,0.0
0.36651914291880916,0.4124655629576317,0.0,0.0,-0.30466269061443213,0.16316895789981806,0.0
0.37960911230876665,0.4156245935623301,0.0,0.0,-0.3019287082931265,0.16253531596415452,0.0
0.39269908169872414,0.4184559306994938,0.0,0.0,-0.2991852005228389,0.16191786374441836,0.0
0.4057890510886816,0.42097495940109064,0.0,0.0,-0.2964328780323589,0.16131677945869732,0.0
0.41887902047863906,0.42319514100004746,0.0,0.0,-0.293672290860554,0.16073217178397106,0.0
0.43196898986859655,0.42512816114555213,0.0,0.0,-0.29090385313983647,0.1601640917007365,0.0
0.445058959258554,0.4267840565717505,0.0,0.0,-0.28812786352222886,0.1596125421708873,0.0
0.4581489286485115,0.4281713226257556,0.0,0.0,-0.28534452211306377,0.15907748607981514,0.0
0.47123889803846897,0.429297003256547,0.0,0.0,-0.2825539445870672,0.15855885277857537,0.0
0.4843288674284264,0.43016676488693917,0.0,0.0,-0.2797561740171748,0.1580565434897715,0.0
0.4974188368183839,0.43078495533368094,0.0,0.0,-0.27695119083594427,0.15757043578558125,0.0
0.5105088062083414,0.4311546487027133,0.0,0.0,-0.2741389212642251,0.15710038730375084,0.0
0.5235987755982988,0.43127767696430447,0.0,0.0,-0.2713192444755713,0.15664623883429699,0.0
0.5366887449882562,0.4311546487027133,0.0,0.0,-0.2684919987131251,0.1562078168837767,0.0
0.5497787143782138,0.43078495533368094,0.0,0.0,-0.26565698653495523,0.15578493580360517,0.0
0.5628686837681712,0.43016676488693917,0.0,0.0,-0.2628139793315646,0.15537739955275845,0.0
0.5759586531581287,0.429297003256547,0.0,0.0,-0.2599627212335747,0.1549850031523293,0.0
0.5890486225480862,0.4281713226257556,0.0,0.0,-0.2571029325070103,0.15460753387909665,0.0
0.6021385919380436,0.4267840565717505,0.0,0.0,-0.2542343125170281,0.15424477223695673,0.0
0.6152285613280011,0.4251281611455522,0.0,0.0,-0.25135654232753285,0.1538964927383405,0.0
0.6283185307179586,0.4231951410000475,0.0,0.0,-0.24846928699322582,0.1535624645222657,0.0
0.6414085001079161,0.42097495940109064,0.0,0.0,-0.24557219759175258,0.1532424518312013,0.0
0.6544984694978735,0.41845593069949377,0.0,0.0,-0.24266491303633136,0.1529362143652477,0.0
0.667588438887831,0.4156245935623302,0.0,0.0,-0.2397470617032704,0.15264350752911338,0.0
0.6806784082777885,0.41246556295763176,0.0,0.0,-0.23681826290385044,0.15236408258486625,0.0
0.6937683776677459,0.40896135855534993,0.0,0.0,-0.23387812822597578,0.1520976867213631,0.0
0.7068583470577035,0.4050922068488551,0.0,0.0,-0.23092626276762718,0.15184406304953493,0.0
0.7199483164476609,0.40083581391689893,0.0,0.0,-0.2279622662813471,0.15160295053126813,0.0
0.7330382858376183,0.39616710534097516,0.0,0.0,-0.22498573424667007,0.1513740838484207,0.0
0.7461282552275759,0.39105792937766326,0.0,0.0,-0.22199625888547533,0.15115719321751123,0.0
0.7592182246175333,0.38547671907808523,0.0,0.0,-0.21899343013364234,0.15095200415478466,0.0
0.7723081940074907,0.3793881086769425,0.0,0.0,-0.21597683658105532,0.15075823719566195,0.0
0.7853981633974483,0.37275249928888016,0.0,0.0,-0.2129460663909086,0.15057560757201224,0.0
0.7984881327874057,0.36552556882230436,0.0,0.0,-0.20990070820835655,0.15040382485021386,0.0
0.8115781021773631,0.3576577211585483,0.0,0.0,-0.2068403520678077,0.15024259253259475,0.0
0.8246680715673207,0.3490934702074057,0.0,0.0,-0.20376459030756197,0.15009160762454804,0.0
0.8377580409572781,0.33977075567182335,0.0,0.0,-0.20067301849999636,0.14995056016939562,0.0
0.8508480103472356,0.32962018957136285,0.0,0.0,-0.19756523640511847,0.14981913275291964,0.0
0.8639379797371931,0.3185642362655795,0.0,0.0,-0.19444084895499825,0.14969699997939112,0.0
0.8770279491271505,0.30651633456088695,0.0,0.0,-0.19129946727634914,0.14958382792089805,0.0
0.890117918517108,0.29337997941849847,0.0,0.0,-0.18814070975834918,0.14947927354180537,0.0
0.9032078879070655,0.2790477940949972,0.0,0.0,-0.18496420317265344,0.14938298410027395,0.0
0.916297857297023,0.26340064297003923,0.0,0.0,-0.18176958385244682,0.14929459652891622,0.0
0.9293878266869804,0.24630686310598202,0.0,0.0,-0.17855649893730263,0.14921373679688438,0.0
0.9424777960769379,0.2276217315787682,0.0,0.0,-0.17532460769054659,0.14914001925596776,0.0
0.9555677654668954,0.2071873391744884,0.0,0.0,-0.17207358289575533,0.149073045973626,0.0
0.9686577348568528,0.18483311274045888,0.0,0.0,-0.16880311233893827,0.14901240605630894,0.0
0.9817477042468103,0.1603773213569776,0.0,0.0,-0.1655129003828509,0.14895767496691198,0.0
0.9948376736367678,0.13363001649012052,0.0,0.0,-0.1622026696397412,0.1489084138407981,0.0
1.0079276430267252,0.10439798931459154,0.0,0.0,-0.1588721627486369,0.1488641688054844,0.0
1.0210176124166828,0.07249246548756243,0.0,0.0,-0.15552114426301256,0.14882447030984675,0.0
1.03410758180664,0.03774036758279187,0.0,0.0,-0.1521494026543137,0.14878883246954827,0.0
1.0471975511965976,1.224646799147353e-16,0.0,0.0,-0.1487567524363442,0.14875675243634418,0.0
1.0602875205865552,-0.037740367582791645,0.0,0.0,-0.14534303641491297,0.14872770979996242,0.0
1.0733774899765125,-0.07249246548756183,0.0,0.0,-0.14190812806635836,0.14870116603240205,0.0
1.08646745936647,-0.10439798931459102,0.0,0.0,-0.13845193404760464,0.1486765639857319,0.0
1.0995574287564276,-0.13363001649012032,0.0,0.0,-0.13497439683921014,0.14865332745579984,0.0
1.112647398146385,-0.16037732135697685,0.0,0.0,-0.13147549752141427,0.1486308608256674,0.0
1.1257373675363425,-0.18483311274045827,0.0,0.0,-0.12795525868144536,0.14860854880405472,0.0
1.1388273369263,-0.20718733917448803,0.0,0.0,-0.12441374744827563,0.1485857562755877,0.0
1.1519173063162573,-0.2276217315787679,0.0,0.0,-0.12085107864856334,0.1485618282811579,0.0
1.1650072757062149,-0.24630686310598177,0.0,0.0,-0.11726741807467826,0.1485360901481936,0.0
1.1780972450961724,-0.2634006429700391,0.0,0.0,-0.11366298585242995,0.1485078477920525,0.0
1.1911872144861297,-0.2790477940949971,0.0,0.0,-0.11003805989237918,0.1484763882110155,0.0
1.2042771838760873,-0.2933799794184983,0.0,0.0,-0.10639297940440647,0.14844098019842258,0.0
1.2173671532660448,-0.3065163345608869,0.0,0.0,-0.1027281484505236,0.14840087529624915,0.0
1.2304571226560022,-0.3185642362655793,0.0,0.0,-0.09904403950576318,0.1483553090147869,0.0
1.2435470920459597,-0.3296201895713627,0.0,0.0,-0.09534119699140194,0.14830350234294043,0.0
1.2566370614359172,-0.33977075567182335,0.0,0.0,-0.09162024073882964,0.14824466357287408,0.0
1.2697270308258746,-0.3490934702074054,0.0,0.0,-0.08788186933615479,0.1481779904611932,0.0
1.2828170002158321,-0.35765772115854805,0.0,0.0,-0.08412686330328185,0.14810267274639954,0.0
1.2959069696057897,-0.3655255688223042,0.0,0.0,-0.08035608803487064,0.1480178950388814,0.0
1.308996938995747,-0.3727524992888802,0.0,0.0,-0.07657049644451659,0.1479228400950676,0.0
1.3220869083857045,-0.37938810867694245,0.0,0.0,-0.07277113123794317,0.14781669248148518,0.0
1.335176877775662,-0.38547671907808523,0.0,0.0,-0.06895912673828417,0.14769864262725152,0.0
1.3482668471656194,-0.3910579293776632,0.0,0.0,-0.06513571018300995,0.14756789125497577,0.0
1.361356816555577,-0.3961671053409751,0.0,0.0,-0.06130220241011069,0.14742365417018283,0.0
1.3744467859455345,-0.4008358139168989,0.0,0.0,-0.057460017851191994,0.14726516737832265,0.0
1.3875367553354918,-0.405092206848855,0.0,0.0,-0.05361066375157175,0.14709169248638562,0.0
1.4006267247254494,-0.40896135855535,0.0,0.0,-0.049755738542669965,0.14690252233342016,0.0
1.413716694115407,-0.4124655629576317,0.0,0.0,-0.04589692930027236,0.14669698678123408,0.0
1.4268066635053642,-0.41562459356233006,0.0,0.0,-0.042036008233847864,0.14647445858377237,0.0
1.4398966328953218,-0.4184559306994937,0.0,0.0,-0.03817482816711204,0.14623435924168304,0.0
1.4529866022852793,-0.42097495940109064,0.0,0.0,-0.0343153169883802,0.1459761647380766,0.0
1.4660765716752366,-0.42319514100004746,0.0,0.0,-0.030459471070685265,0.14569941104314954,0.0
1.4791665410651942,-0.42512816114555213,0.0,0.0,-0.02660934768567818,0.1454036992698633,0.0
1.4922565104551517,-0.4267840565717505,0.0,0.0,-0.022767056461286784,0.14508870036088622,0.0
1.505346479845109,-0.4281713226257555,0.0,0.0,-0.01893474996008241,0.1447541591890353,0.0
1.5184364492350666,-0.42929700325654696,0.0,0.0,-0.015114613482224738,0.14439989795985161,0.0
1.5315264186250241,-0.43016676488693917,0.0,0.0,-0.011308854222518362,0.14402581881584753,0.0
1.5446163880149815,-0.43078495533368094,0.0,0.0,-0.0075196899342676055,0.14363190555726227,0.0
1.557706357404939,-0.4311546487027133,0.0,0.0,-0.003749337272036681,0.14321822441346618,0.0
1.5707963267948966,-0.43127767696430447,0.0,0.0,-1.748610999248809e-17,0.14278492382181218,0.0
1.5838862961848539,-0.43115464870271336,0.0,0.0,0.0037261427385996857,0.14233223319584312,0.0
1.5969762655748114,-0.430784955333681,0.0,0.0,0.007426947892891422,0.14186046069124264,0.0
1.610066234964769,-0.43016676488693917,0.0,0.0,0.011100319522880148,0.141369990004552,0.0
1.6231562043547263,-0.42929700325654707,0.0,0.0,0.01474421918188389,0.1408612762652238,0.0
1.6362461737446838,-0.4281713226257557,0.0,0.0,0.018356675496544274,0.1403348411048509,0.0
1.6493361431346414,-0.4267840565717505,0.0,0.0,0.021935792800092873,0.13979126700735053,0.0
1.6624261125245987,-0.4251281611455522,0.0,0.0,0.025479758700783176,0.13923119105965223,0.0
1.6755160819145563,-0.4231951410000475,0.0,0.0,0.028986850496526564,0.13865529823347475,0.0
1.6886060513045138,-0.4209749594010906,0.0,0.0,0.032455440377424434,0.13806431433479155,0.0
1.7016960206944711,-0.4184559306994938,0.0,0.0,0.03588399938868499,0.13745899875861275,0.0
1.7147859900844287,-0.4156245935623302,0.0,0.0,0.03927110015605311,0.13684013718303648,0.0
1.7278759594743862,-0.41246556295763176,0.0,0.0,0.0426154184032432,0.13620853432868404,0.0
1.7409659288643435,-0.40896135855535004,0.0,0.0,0.04591573331504228,0.13556500689832637,0.0
1.754055898254301,-0.40509220684885505,0.0,0.0,0.049170926820090353,0.13491037679755033,0.0
1.7671458676442586,-0.400835813916899,0.0,0.0,0.05237998188346848,0.13424546472156162,0.0
1.780235837034216,-0.3961671053409752,0.0,0.0,0.055541979910999836,0.1335710841765124,0.0
1.7933258064241735,-0.3910579293776633,0.0,0.0,0.05865609737469084,0.1328880359868623,0.0
1.806415775814131,-0.38547671907808523,0.0,0.0,0.06172160177228864,0.132197103323899,0.0
1.8195057452040884,-0.37938810867694256,0.0,0.0,0.06473784703393819,0.13149904727521383,0.0
1.832595714594046,-0.3727524992888802,0.0,0.0,0.06770426848588877,0.13079460296105816,0.0
1.8456856839840035,-0.3655255688223042,0.0,0.0,0.07062037747570332,0.1300844761913835,0.0
1.8587756533739608,-0.3576577211585483,0.0,0.0,0.07348575575602871,0.129369340647132,0.0
1.8718656227639183,-0.3490934702074058,0.0,0.0,0.07630004971524473,0.12864983556105136,0.0
1.8849555921538759,-0.3397707556718234,0.0,0.0,0.07906296453372848,0.12792656386690018,0.0
1.8980455615438332,-0.329620189571363,0.0,0.0,0.08177425833449191,0.12720009078127292,0.0
1.9111355309337907,-0.31856423626557967,0.0,0.0,0.08443373638694694,0.12647094277924426,0.0
1.9242255003237483,-0.30651633456088706,0.0,0.0,0.08704124541282121,0.12573960692340763,0.0
1.9373154697137056,-0.29337997941849886,0.0,0.0,0.08959666803402419,0.12500653050545552,0.0
1.9504054391036632,-0.2790477940949976,0.0,0.0,0.09209991739370456,0.1242721209600062,0.0
1.9634954084936207,-0.26340064297003946,0.0,0.0,0.0945509319739558,0.12353674601171628,0.0
1.976585377883578,-0.2463068631059821,0.0,0.0,0.09694967062667645,0.12280073401864411,0.0
1.9896753472735356,-0.22762173157876828,0.0,0.0,0.09929610782798827,0.12206437447717648,0.0
2.002765316663493,-0.20718733917448873,0.0,0.0,0.10159022916134698,0.12132791865645415,0.0
2.0158552860534504,-0.184833112740459,0.0,0.0,0.10383202703001362,0.12059158033300317,0.0
2.028945255443408,-0.1603773213569777,0.0,0.0,0.10602149659582726,0.11985553659910483,0.0
2.0420352248333655,-0.13363001649012055,0.0,0.0,0.10815863193817936,0.11911992872122844,0.0
2.055125194223323,-0.10439798931459128,0.0,0.0,0.11024342242465614,0.11838486302755293,0.0
2.06821516361328,-0.07249246548756287,0.0,0.0,0.11227584928292426,0.11765041180616517,0.0
2.0813051330032377,-0.03774036758279198,0.0,0.0,0.11425588236201577,0.11691661419791946,0.0
2.0943951023931953,-2.449293598294706e-16,0.0,0.0,0.11618347707014638,0.1161834770701464,0.0
2.107485071783153,0.03774036758279152,0.0,0.0,0.11805857147552898,0.11545097585940907,0.0
2.1205750411731104,0.07249246548756248,0.0,0.0,0.11988108355624681,0.11471905537330901,0.0
2.133665010563068,0.10439798931459161,0.0,0.0,0.12165090858509335,0.11398763054295533,0.0
2.146754979953025,0.13363001649011957,0.0,0.0,0.1233679166353121,0.11325658711912594,0.0
2.1598449493429825,0.16037732135697677,0.0,0.0,0.12503195019334665,0.11252578230638859,0.0
2.17293491873294,0.18483311274045822,0.0,0.0,0.12664282186500145,0.11179504533051968,0.0
2.1860248881228976,0.20718733917448798,0.0,0.0,0.12820031216179306,0.11106417793547102,0.0
2.199114857512855,0.22762173157876806,0.0,0.0,0.12970416735471124,0.11033295480691341,0.0
2.2122048269028127,0.2463068631059819,0.0,0.0,0.13115409738309303,0.10960112392002877,0.0
2.22529479629277,0.26340064297003846,0.0,0.0,0.13254977380682662,0.10886840680976181,0.0
2.2383847656827274,0.2790477940949968,0.0,0.0,0.13389082779062883,0.10813449876217529,0.0
2.251474735072685,0.29337997941849797,0.0,0.0,0.135176848109673,0.1073990689259011,0.0
2.2645647044626425,0.3065163345608865,0.0,0.0,0.13640737916638118,0.10666176034295367,0.0
2.2776546738526,0.31856423626557917,0.0,0.0,0.137581919008722,0.10592218989837848,0.0
2.2907446432425576,0.32962018957136263,0.0,0.0,0.13869991734087866,0.10517994818836318,0.0
2.3038346126325147,0.3397707556718231,0.0,0.0,0.13976077351766772,0.10443459930654654,0.0
2.316924582022472,0.3490934702074054,0.0,0.0,0.14076383451459687,0.10368568054833238,0.0
2.3300145514124297,0.35765772115854805,0.0,0.0,0.14170839286595432,0.10293270203305789,0.0
2.3431045208023873,0.36552556882230414,0.0,0.0,0.1425936845638257,0.10217514624388706,0.0
2.356194490192345,0.37275249928888005,0.0,0.0,0.14341888691144122,0.10141246748530669,0.0
2.3692844595823024,0.3793881086769425,0.0,0.0,0.14418311632477315,0.10064409125810181,0.0
2.3823744289722595,0.3854767190780852,0.0,0.0,0.14488542607683633,0.09986941355168316,0.0
2.395464398362217,0.39105792937766326,0.0,0.0,0.14552480397970363,0.09908780005364201,0.0
2.4085543677521746,0.3961671053409751,0.0,0.0,0.14610016999984032,0.09829858527642038,0.0
2.421644337142132,0.4008358139168989,0.0,0.0,0.14661037380299988,0.09750107160101346,0.0
2.4347343065320897,0.4050922068488551,0.0,0.0,0.1470541922256169,0.09669452823767465,0.0
2.447824275922047,0.40896135855534993,0.0,0.0,0.1474303266703987,0.09587819010367818,0.0
2.4609142453120043,0.4124655629576316,0.0,0.0,0.14773740042466688,0.09505125661831472,0.0
2.474004214701962,0.41562459356233006,0.0,0.0,0.14797395590095241,0.0942128904154641,0.0
2.4870941840919194,0.4184559306994937,0.0,0.0,0.1481384518004224,0.09336221597431084,0.0
2.500184153481877,0.42097495940109064,0.0,0.0,0.14822926020093158,0.09249831816905459,0.0
2.5132741228718345,0.42319514100004746,0.0,0.0,0.1482446635728741,0.09162024073882964,0.0
2.526364092261792,0.42512816114555213,0.0,0.0,0.14818285172758408,0.09072698467949429,0.0
2.539454061651749,0.42678405657175045,0.0,0.0,0.14804191870482813,0.08981750655950056,0.0
2.5525440310417067,0.4281713226257556,0.0,0.0,0.1478198596079805,0.08889071676271534,0.0
2.5656340004316642,0.4292970032565469,0.0,0.0,0.1475145673978078,0.08794547766186023,0.0
2.5787239698216218,0.4301667648869391,0.0,0.0,0.14712382965845444,0.08698060172717814,0.0
2.5918139392115793,0.43078495533368094,0.0,0.0,0.14664532535225688,0.08599484957604966,0.0
2.604903908601537,0.4311546487027133,0.0,0.0,0.14607662158346782,0.08498692797058618,0.0
2.617993877991494,0.43127767696430447,0.0,0.0,0.14541517039489998,0.0839554877717508,0.0
2.6310838473814515,0.43115464870271336,0.0,0.0,0.14465830562594734,0.08289912186032374,0.0
2.644173816771409,0.430784955333681,0.0,0.0,0.14380323986548577,0.08181636303707215,0.0
2.6572637861613666,0.43016676488693917,0.0,0.0,0.14284706153884272,0.08070568191683253,0.0
2.670353755551324,0.42929700325654707,0.0,0.0,0.14178673217443782,0.07956548483390379,0.0
2.6834437249412817,0.4281713226257555,0.0,0.0,0.1406190839028995,0.07839411177922079,0.0
2.696533694331239,0.4267840565717505,0.0,0.0,0.1393408172495276,0.0771898343932651,0.0
2.7096236637211963,0.4251281611455522,0.0,0.0,0.13794849928997768,0.07595085404261827,0.0
2.722713633111154,0.4231951410000475,0.0,0.0,0.13643856224905923,0.0746753000125129,0.0
2.7358036025011114,0.4209749594010906,0.0,0.0,0.1348073026336323,0.07336122785272704,0.0
2.748893571891069,0.4184559306994938,0.0,0.0,0.1330508810028236,0.07200661791974386,0.0
2.7619835412810265,0.41562459356233017,0.0,0.0,0.13116532249220522,0.07060937416429218,0.0
2.7750735106709836,0.41246556295763187,0.0,0.0,0.1291465182232214,0.06916732322022849,0.0
2.788163480060941,0.4089613585553501,0.0,0.0,0.12699022774501714,0.06767821385823873,0.0
2.8012534494508987,0.4050922068488551,0.0,0.0,0.12469208267289111,0.06613971687604077,0.0
2.8143434188408563,0.40083581391689893,0.0,0.0,0.12224759170578682,0.06454942550564322,0.0
2.827433388230814,0.3961671053409752,0.0,0.0,0.1196521472244324,0.06290485642774314,0.0
2.8405233576207713,0.3910579293776633,0.0,0.0,0.11690103369173327,0.06120345149345409,0.0
2.8536133270107285,0.38547671907808556,0.0,0.0,0.1139894380975265,0.05944258026416009,0.0
2.866703296400686,0.3793881086769427,0.0,0.0,0.11091246271042624,0.05761954349124054,0.0
2.8797932657906435,0.3727524992888804,0.0,0.0,0.10766514041969863,0.055731577668510425,0.0
2.892883235180601,0.36552556882230447,0.0,0.0,0.10424245296920846,0.05377586080119315,0.0
2.9059732045705586,0.3576577211585483,0.0,0.0,0.1006393524026308,0.05174951954574637,0.0
2.919063173960516,0.3490934702074057,0.0,0.0,0.0968507860532293,0.04964963788443752,0.0
2.9321531433504733,0.3397707556718234,0.0,0.0,0.09287172542127384,0.04747326750666339,0.0
2.945243112740431,0.3296201895713633,0.0,0.0,0.08869719928603718,0.04521744007494235,0.0
2.9583330821303884,0.31856423626557945,0.0,0.0,0.08432233139544497,0.04287918155646751,0.0
2.971423051520346,0.30651633456088734,0.0,0.0,0.07974238306273533,0.040455528800130994,0.0
2.9845130209103035,0.2933799794184982,0.0,0.0,0.07495280097354474,0.037943548532921555,0.0
2.997602990300261,0.27904779409499764,0.0,0.0,0.06994927046603622,0.03534035893731439,0.0
3.010692959690218,0.2634006429700395,0.0,0.0,0.0647277744882243,0.032643153951362094,0.0
3.0237829290801757,0.24630686310598218,0.0,0.0,0.059284658357606296,0.029849230404212265,0.0
3.036872898470133,0.2276217315787683,0.0,0.0,0.05361670034572061,0.026956018060249057,0.0
3.0499628678600907,0.2071873391744883,0.0,0.0,0.047721187981632496,0.02396111259353782,0.0
3.0630528372500483,0.18483311274045858,0.0,0.0,0.04159599981141778,0.02086231144946313,0.0
3.076142806640006,0.1603773213569772,0.0,0.0,0.035239692163980235,0.01765765247135736,0.0
3.089232776029963,0.13363001649012127,0.0,0.0,0.02865159025665452,0.014345455075938656,0.0
3.1023227454199205,0.10439798931459209,0.0,0.0,0.021831882728136538,0.010924363652537539,0.0
3.115412714809878,0.07249246548756298,0.0,0.0,0.014781718414420462,0.007393392738247525,0.0
3.1285026841998356,0.0377403675827921,0.0,0.0,0.007503303891017777,0.0037519733861711433,0.0
3.141592653589793,3.673940397442058e-16,0.0,0.0,7.123663486642058e-17,3.561831743321029e-17,0.0
3.1546826229797507,-0.037740367582791416,0.0,0.0,-0.00750330389101764,-0.003751973386171074,0.0
3.1677725923697078,-0.07249246548756086,0.0,0.0,-0.014781718414420088,-0.007393392738247337,0.0
3.1808625617596653,-0.10439798931459011,0.0,0.0,-0.02183188272813617,-0.010924363652537357,0.0
3.193952531149623,-0.13363001649011955,0.0,0.0,-0.028651590256654168,-0.014345455075938478,0.0
3.2070425005395804,-0.16037732135697666,0.0,0.0,-0.0352396921639801,-0.017657652471357293,0.0
3.220132469929538,-0.18483311274045813,0.0,0.0,-0.04159599981141766,-0.020862311449463065,0.0
3.2332224393194955,-0.20718733917448787,0.0,0.0,-0.04772118798163238,-0.023961112593537767,0.0
3.2463124087094526,-0.22762173157876708,0.0,0.0,-0.053616700345720296,-0.026956018060248905,0.0
3.25940237809941,-0.24630686310598185,0.0,0.0,-0.059284658357606004,-0.029849230404212123,0.0
3.2724923474893677,-0.2634006429700384,0.0,0.0,-0.06472777448822399,-0.03264315395136194,0.0
3.2855823168793252,-0.2790477940949973,0.0,0.0,-0.06994927046603612,-0.03534035893731434,0.0
3.2986722862692828,-0.2933799794184979,0.0,0.0,-0.07495280097354463,-0.0379435485329215,0.0
3.3117622556592403,-0.3065163345608871,0.0,0.0,-0.07974238306273528,-0.04045552880013096,0.0
3.3248522250491974,-0.31856423626557934,0.0,0.0,-0.08432233139544475,-0.042879181556467375,0.0
3.337942194439155,-0.3296201895713626,0.0,0.0,-0.08869719928603696,-0.045217440074942224,0.0
3.3510321638291125,-0.33977075567182324,0.0,0.0,-0.09287172542127363,-0.047473267506663266,0.0
3.36412213321907,-0.3490934702074056,0.0,0.0,-0.09685078605322923,-0.04964963788443748,0.0
3.3772121026090276,-0.3576577211585482,0.0,0.0,-0.10063935240263072,-0.051749519545746324,0.0
3.3903020719989847,-0.3655255688223039,0.0,0.0,-0.10424245296920828,-0.053775860801193044,0.0
3.4033920413889422,-0.37275249928888,0.0,0.0,-0.10766514041969844,-0.05573157766851031,0.0
3.4164820107789,-0.3793881086769423,0.0,0.0,-0.11091246271042608,-0.057619543491240446,0.0
3.4295719801688573,-0.3854767190780851,0.0,0.0,-0.11398943809752637,-0.05944258026416001,0.0
3.442661949558815,-0.39105792937766326,0.0,0.0,-0.11690103369173323,-0.06120345149345407,0.0
3.4557519189487724,-0.3961671053409751,0.0,0.0,-0.11965214722443232,-0.0629048564277431,0.0
3.4688418883387295,-0.40083581391689876,0.0,0.0,-0.12224759170578668,-0.06454942550564312,0.0
3.481931857728687,-0.40509220684885494,0.0,0.0,-0.124692082672891,-0.06613971687604067,0.0
3.4950218271186446,-0.4089613585553498,0.0,0.0,-0.12699022774501703,-0.06767821385823866,0.0
3.508111796508602,-0.41246556295763154,0.0,0.0,-0.1291465182232213,-0.0691673232202284,0.0
3.5212017658985597,-0.41562459356233,0.0,0.0,-0.1311653224922052,-0.07060937416429215,0.0
3.5342917352885173,-0.41845593069949366,0.0,0.0,-0.13305088100282356,-0.07200661791974385,0.0
3.5473817046784744,-0.4209749594010904,0.0,0.0,-0.1348073026336322,-0.07336122785272697,0.0
3.560471674068432,-0.4231951410000475,0.0,0.0,-0.13643856224905918,-0.07467530001251287,0.0
3.5735616434583894,-0.4251281611455521,0.0,0.0,-0.13794849928997763,-0.0759508540426182,0.0
3.586651612848347,-0.4267840565717505,0.0,0.0,-0.1393408172495276,-0.07718983439326503,0.0
3.5997415822383045,-0.42817132262575563,0.0,0.0,-0.1406190839028995,-0.07839411177922076,0.0
3.612831551628262,-0.429297003256547,0.0,0.0,-0.14178673217443782,-0.07956548483390379,0.0
3.625921521018219,-0.4301667648869391,0.0,0.0,-0.14284706153884263,-0.08070568191683246,0.0
3.6390114904081767,-0.430784955333681,0.0,0.0,-0.1438032398654857,-0.0818163630370721,0.0
3.6521014597981343,-0.4311546487027133,0.0,0.0,-0.14465830562594725,-0.08289912186032365,0.0
3.665191429188092,-0.43127767696430447,0.0,0.0,-0.14541517039489993,-0.08395548777175076,0.0
3.6782813985780494,-0.4311546487027133,0.0,0.0,-0.14607662158346782,-0.08498692797058618,0.0
3.691371367968007,-0.43078495533368094,0.0,0.0,-0.14664532535225686,-0.08599484957604965,0.0
3.704461337357964,-0.43016676488693917,0.0,0.0,-0.14712382965845447,-0.08698060172717813,0.0
3.7175513067479216,-0.42929700325654707,0.0,0.0,-0.1475145673978078,-0.08794547766186019,0.0
3.730641276137879,-0.4281713226257557,0.0,0.0,-0.1478198596079805,-0.08889071676271527,0.0
3.7437312455278366,-0.4267840565717505,0.0,0.0,-0.1480419187048281,-0.0898175065595005,0.0
3.756821214917794,-0.42512816114555224,0.0,0.0,-0.14818285172758408,-0.09072698467949426,0.0
3.7699111843077517,-0.42319514100004757,0.0,0.0,-0.1482446635728741,-0.09162024073882961,0.0
3.783001153697709,-0.4209749594010908,0.0,0.0,-0.14822926020093158,-0.09249831816905453,0.0
3.7960911230876664,-0.41845593069949394,0.0,0.0,-0.14813845180042243,-0.09336221597431078,0.0
3.809181092477624,-0.4156245935623303,0.0,0.0,-0.14797395590095241,-0.09421289041546406,0.0
3.8222710618675815,-0.41246556295763187,0.0,0.0,-0.14773740042466688,-0.09505125661831469,0.0
3.835361031257539,-0.4089613585553501,0.0,0.0,-0.1474303266703987,-0.09587819010367815,0.0
3.8484510006474966,-0.40509220684885516,0.0,0.0,-0.1470541922256169,-0.09669452823767463,0.0
3.8615409700374537,-0.40083581391689893,0.0,0.0,-0.14661037380299988,-0.0975010716010134,0.0
3.874630939427411,-0.3961671053409755,0.0,0.0,-0.14610016999984035,-0.09829858527642035,0.0
3.8877209088173688,-0.39105792937766337,0.0,0.0,-0.1455248039797037,-0.09908780005364194,0.0
3.9008108782073263,-0.38547671907808545,0.0,0.0,-0.14488542607683638,-0.09986941355168309,0.0
3.913900847597284,-0.37938810867694245,0.0,0.0,-0.14418311632477318,-0.1006440912581018,0.0
3.9269908169872414,-0.37275249928888043,0.0,0.0,-0.14341888691144122,-0.10141246748530665,0.0
3.9400807863771985,-0.36552556882230447,0.0,0.0,-0.14259368456382573,-0.102175146243887,0.0
3.953170755767156,-0.3576577211585484,0.0,0.0,-0.14170839286595438,-0.10293270203305786,0.0
3.9662607251571136,-0.3490934702074058,0.0,0.0,-0.14076383451459695,-0.10368568054833237,0.0
3.979350694547071,-0.33977075567182347,0.0,0.0,-0.13976077351766777,-0.1044345993065465,0.0
3.9924406639370287,-0.32962018957136285,0.0,0.0,-0.13869991734087866,-0.10517994818836314,0.0
4.005530633326986,-0.31856423626558,0.0,0.0,-0.13758191900872208,-0.10592218989837847,0.0
4.018620602716943,-0.30651633456088734,0.0,0.0,-0.13640737916638127,-0.10666176034295365,0.0
4.031710572106901,-0.29337997941849886,0.0,0.0,-0.1351768481096731,-0.10739906892590108,0.0
4.044800541496858,-0.2790477940949977,0.0,0.0,-0.1338908277906289,-0.10813449876217526,0.0
4.057890510886816,-0.26340064297003957,0.0,0.0,-0.1325497738068267,-0.10886840680976179,0.0
4.0709804802767735,-0.2463068631059822,0.0,0.0,-0.13115409738309303,-0.10960112392002874,0.0
4.084070449666731,-0.2276217315787684,0.0,0.0,-0.12970416735471127,-0.1103329548069134,0.0
4.097160419056689,-0.2071873391744884,0.0,0.0,-0.1282003121617931,-0.111064177935471,0.0
4.110250388446646,-0.18483311274045863,0.0,0.0,-0.12664282186500145,-0.11179504533051964,0.0
4.123340357836604,-0.16037732135697727,0.0,0.0,-0.12503195019334667,-0.11252578230638857,0.0
4.13643032722656,-0.13363001649012138,0.0,0.0,-0.12336791663531224,-0.11325658711912585,0.0
4.149520296616518,-0.10439798931459353,0.0,0.0,-0.12165090858509346,-0.1139876305429553,0.0
4.162610266006475,-0.07249246548756308,0.0,0.0,-0.11988108355624691,-0.11471905537330897,0.0
4.175700235396433,-0.03774036758279385,0.0,0.0,-0.11805857147552906,-0.11545097585940901,0.0
4.1887902047863905,-4.898587196589411e-16,0.0,0.0,-0.11618347707014649,-0.11618347707014641,0.0
4.201880174176348,0.037740367582789675,0.0,0.0,-0.11425588236201589,-0.11691661419791945,0.0
4.214970143566306,0.07249246548756229,0.0,0.0,-0.11227584928292436,-0.11765041180616514,0.0
4.228060112956263,0.10439798931459003,0.0,0.0,-0.11024342242465619,-0.11838486302755293,0.0
4.241150082346221,0.13363001649012068,0.0,0.0,-0.10815863193817941,-0.11911992872122844,0.0
4.254240051736178,0.16037732135697663,0.0,0.0,-0.10602149659582727,-0.11985553659910478,0.0
4.267330021126136,0.18483311274045908,0.0,0.0,-0.10383202703001365,-0.12059158033300316,0.0
4.280419990516093,0.20718733917448784,0.0,0.0,-0.10159022916134702,-0.12132791865645418,0.0
4.29350995990605,0.227621731578767,0.0,0.0,-0.09929610782798844,-0.12206437447717643,0.0
4.3065999292960075,0.24630686310598096,0.0,0.0,-0.09694967062667657,-0.12280073401864401,0.0
4.319689898685965,0.26340064297003835,0.0,0.0,-0.0945509319739559,-0.12353674601171624,0.0
4.332779868075923,0.27904779409499675,0.0,0.0,-0.09209991739370472,-0.12427212096000616,0.0
4.34586983746588,0.2933799794184979,0.0,0.0,-0.08959666803402432,-0.1250065305054555,0.0
4.358959806855838,0.30651633456088645,0.0,0.0,-0.08704124541282128,-0.1257396069234076,0.0
4.372049776245795,0.31856423626557917,0.0,0.0,-0.08443373638694705,-0.12647094277924426,0.0
4.385139745635753,0.3296201895713626,0.0,0.0,-0.08177425833449199,-0.12720009078127287,0.0
4.39822971502571,0.3397707556718232,0.0,0.0,-0.07906296453372852,-0.12792656386690018,0.0
4.411319684415668,0.34909347020740555,0.0,0.0,-0.07630004971524479,-0.12864983556105136,0.0
4.4244096538056255,0.3576577211585482,0.0,0.0,-0.07348575575602875,-0.129369340647132,0.0
4.437499623195583,0.3655255688223043,0.0,0.0,-0.07062037747570334,-0.1300844761913835,0.0
4.45058959258554,0.3727524992888796,0.0,0.0,-0.067704268485889,-0.1307946029610581,0.0
4.463679561975497,0.3793881086769423,0.0,0.0,-0.0647378470339384,-0.13149904727521378,0.0
4.476769531365455,0.3854767190780848,0.0,0.0,-0.0617216017722888,-0.132197103323899,0.0
4.489859500755412,0.39105792937766326,0.0,0.0,-0.058656097374691005,-0.13288803598686225,0.0
4.50294947014537,0.396167105340975,0.0,0.0,-0.05554197991100002,-0.1335710841765124,0.0
4.516039439535327,0.4008358139168989,0.0,0.0,-0.052379981883468575,-0.13424546472156157,0.0
4.529129408925285,0.40509220684885494,0.0,0.0,-0.04917092682009048,-0.13491037679755027,0.0
4.5422193783152425,0.40896135855535,0.0,0.0,-0.0459157333150424,-0.13556500689832635,0.0
4.5553093477052,0.41246556295763154,0.0,0.0,-0.04261541840324327,-0.13620853432868402,0.0
4.568399317095158,0.4156245935623302,0.0,0.0,-0.03927110015605317,-0.13684013718303648,0.0
4.581489286485115,0.41845593069949366,0.0,0.0,-0.03588399938868505,-0.13745899875861275,0.0
4.594579255875073,0.42097495940109075,0.0,0.0,-0.03245544037742444,-0.13806431433479155,0.0
4.607669225265029,0.42319514100004735,0.0,0.0,-0.028986850496526804,-0.13865529823347472,0.0
4.620759194654987,0.4251281611455521,0.0,0.0,-0.025479758700783426,-0.1392311910596522,0.0
4.633849164044944,0.4267840565717504,0.0,0.0,-0.02193579280009306,-0.1397912670073505,0.0
4.646939133434902,0.42817132262575563,0.0,0.0,-0.018356675496544465,-0.14033484110485087,0.0
4.6600291028248595,0.4292970032565469,0.0,0.0,-0.014744219181884082,-0.14086127626522377,0.0
4.673119072214817,0.4301667648869391,0.0,0.0,-0.011100319522880276,-0.14136999000455197,0.0
4.686209041604775,0.430784955333681,0.0,0.0,-0.007426947892891555,-0.14186046069124267,0.0
4.699299010994732,0.4311546487027133,0.0,0.0,-0.003726142738599818,-0.14233223319584312,0.0
4.71238898038469,0.43127767696430447,0.0,0.0,-5.245832997746427e-17,-0.14278492382181218,0.0
4.725478949774647,0.4311546487027133,0.0,0.0,0.00374933727203661,-0.14321822441346613,0.0
4.738568919164605,0.43078495533368094,0.0,0.0,0.007519689934267535,-0.14363190555726227,0.0
4.751658888554562,0.43016676488693917,0.0,0.0,0.011308854222518353,-0.14402581881584753,0.0
4.764748857944519,0.429297003256547,0.0,0.0,0.015114613482224473,-0.1443998979598516,0.0
4.7778388273344765,0.42817132262575575,0.0,0.0,0.018934749960082146,-0.1447541591890353,0.0
4.790928796724434,0.42678405657175056,0.0,0.0,0.022767056461286583,-0.14508870036088622,0.0
4.804018766114392,0.4251281611455523,0.0,0.0,0.02660934768567798,-0.1454036992698633,0.0
4.817108735504349,0.42319514100004757,0.0,0.0,0.030459471070685067,-0.14569941104314957,0.0
4.830198704894307,0.4209749594010908,0.0,0.0,0.034315316988380064,-0.1459761647380766,0.0
4.843288674284264,0.41845593069949377,0.0,0.0,0.038174828167111895,-0.14623435924168302,0.0
4.856378643674222,0.41562459356233034,0.0,0.0,0.04203600823384771,-0.14647445858377237,0.0
4.869468613064179,0.41246556295763165,0.0,0.0,0.04589692930027228,-0.14669698678123405,0.0
4.882558582454137,0.4089613585553501,0.0,0.0,0.0497557385426699,-0.14690252233342016,0.0
4.895648551844094,0.405092206848855,0.0,0.0,0.05361066375157168,-0.14709169248638565,0.0
4.908738521234052,0.400835813916899,0.0,0.0,0.057460017851191994,-0.14726516737832265,0.0
4.921828490624009,0.3961671053409755,0.0,0.0,0.06130220241011043,-0.14742365417018283,0.0
4.934918460013966,0.39105792937766365,0.0,0.0,0.06513571018300968,-0.14756789125497574,0.0
4.948008429403924,0.38547671907808545,0.0,0.0,0.06895912673828396,-0.1476986426272515,0.0
4.961098398793881,0.3793881086769428,0.0,0.0,0.07277113123794297,-0.14781669248148513,0.0
4.974188368183839,0.37275249928888043,0.0,0.0,0.07657049644451638,-0.14792284009506756,0.0
4.987278337573796,0.36552556882230447,0.0,0.0,0.08035608803487049,-0.14801789503888138,0.0
5.000368306963754,0.35765772115854844,0.0,0.0,0.08412686330328172,-0.14810267274639954,0.0
5.013458276353711,0.34909347020740583,0.0,0.0,0.08788186933615466,-0.14817799046119323,0.0
5.026548245743669,0.3397707556718235,0.0,0.0,0.09162024073882956,-0.1482446635728741,0.0
5.0396382151336265,0.32962018957136285,0.0,0.0,0.09534119699140187,-0.14830350234294043,0.0
5.052728184523584,0.31856423626557956,0.0,0.0,0.09904403950576311,-0.14835530901478694,0.0
5.065818153913541,0.30651633456088734,0.0,0.0,0.10272814845052333,-0.14840087529624915,0.0
5.078908123303498,0.2933799794184995,0.0,0.0,0.10639297940440619,-0.14844098019842256,0.0
5.091998092693456,0.27904779409499775,0.0,0.0,0.11003805989237893,-0.1484763882110155,0.0
5.105088062083413,0.26340064297004034,0.0,0.0,0.11366298585242976,-0.14850784779205248,0.0
5.118178031473371,0.24630686310598227,0.0,0.0,0.11726741807467807,-0.1485360901481936,0.0
5.1312680008633285,0.2276217315787694,0.0,0.0,0.12085107864856318,-0.14856182828115794,0.0
5.144357970253286,0.2071873391744884,0.0,0.0,0.12441374744827549,-0.1485857562755877,0.0
5.1574479396432436,0.18483311274045974,0.0,0.0,0.12795525868144525,-0.14860854880405475,0.0
5.170537909033201,0.16037732135697733,0.0,0.0,0.13147549752141416,-0.1486308608256674,0.0
5.183627878423159,0.13363001649012146,0.0,0.0,0.1349743968392101,-0.14865332745579984,0.0
5.196717847813116,0.1043979893145909,0.0,0.0,0.13845193404760453,-0.14867656398573187,0.0
5.209807817203074,0.0724924654875632,0.0,0.0,0.14190812806635827,-0.14870116603240205,0.0
5.22289778659303,0.03774036758279397,0.0,0.0,0.14534303641491275,-0.14872770979996244,0.0
5.235987755982988,2.388680238973921e-15,0.0,0.0,0.14875675243634398,-0.14875675243634418,0.0
5.2490777253729455,-0.037740367582789563,0.0,0.0,0.15214940265431345,-0.14878883246954827,0.0
5.262167694762903,-0.07249246548756065,0.0,0.0,0.1555211442630124,-0.14882447030984675,0.0
5.275257664152861,-0.10439798931458992,0.0,0.0,0.15887216274863675,-0.14886416880548442,0.0
5.288347633542818,-0.1336300164901193,0.0,0.0,0.16220266963974106,-0.1489084138407981,0.0
5.301437602932776,-0.16037732135697652,0.0,0.0,0.16551290038285082,-0.14895767496691195,0.0
5.314527572322733,-0.18483311274045794,0.0,0.0,0.16880311233893816,-0.14901240605630894,0.0
5.327617541712691,-0.20718733917448776,0.0,0.0,0.17207358289575522,-0.149073045973626,0.0
5.340707511102648,-0.22762173157876694,0.0,0.0,0.17532460769054647,-0.1491400192559677,0.0
5.353797480492606,-0.24630686310598174,0.0,0.0,0.17855649893730252,-0.14921373679688435,0.0
5.366887449882563,-0.26340064297003984,0.0,0.0,0.1817695838524468,-0.14929459652891616,0.0
5.37997741927252,-0.27904779409499597,0.0,0.0,0.18496420317265325,-0.14938298410027392,0.0
5.393067388662478,-0.29337997941849786,0.0,0.0,0.18814070975834896,-0.14947927354180535,0.0
5.406157358052435,-0.30651633456088584,0.0,0.0,0.19129946727634894,-0.14958382792089803,0.0
5.419247327442393,-0.3185642362655791,0.0,0.0,0.19444084895499808,-0.14969699997939112,0.0
5.43233729683235,-0.3296201895713621,0.0,0.0,0.1975652364051183,-0.1498191327529196,0.0
5.445427266222308,-0.3397707556718232,0.0,0.0,0.20067301849999614,-0.14995056016939562,0.0
5.458517235612265,-0.34909347020740517,0.0,0.0,0.20376459030756186,-0.15009160762454804,0.0
5.471607205002223,-0.35765772115854816,0.0,0.0,0.20684035206780757,-0.15024259253259475,0.0
5.48469717439218,-0.36552556882230386,0.0,0.0,0.20990070820835643,-0.15040382485021386,0.0
5.497787143782138,-0.3727524992888802,0.0,0.0,0.21294606639090857,-0.15057560757201224,0.0
5.5108771131720955,-0.3793881086769422,0.0,0.0,0.21597683658105526,-0.15075823719566195,0.0
5.523967082562053,-0.38547671907808534,0.0,0.0,0.21899343013364234,-0.15095200415478469,0.0
5.53705705195201,-0.3910579293776627,0.0,0.0,0.2219962588854751,-0.15115719321751123,0.0
5.550147021341967,-0.39616710534097493,0.0,0.0,0.22498573424666984,-0.15137408384842063,0.0
5.563236990731925,-0.4008358139168989,0.0,0.0,0.227962266281347,-0.15160295053126813,0.0
5.576326960121882,-0.4050922068488549,0.0,0.0,0.230926262767627,-0.1518440630495349,0.0
5.58941692951184,-0.40896135855534965,0.0,0.0,0.2338781282259757,-0.1520976867213631,0.0
5.602506898901797,-0.4124655629576315,0.0,0.0,0.23681826290385025,-0.15236408258486622,0.0
5.615596868291755,-0.4156245935623302,0.0,0.0,0.23974706170327031,-0.15264350752911338,0.0
5.6286868376817125,-0.4184559306994937,0.0,0.0,0.24266491303633117,-0.15293621436524768,0.0
5.64177680707167,-0.4209749594010905,0.0,0.0,0.2455721975917525,-0.15324245183120136,0.0
5.654866776461628,-0.4231951410000475,0.0,0.0,0.24846928699322582,-0.15356246452226577,0.0
5.667956745851585,-0.4251281611455523,0.0,0.0,0.2513565423275328,-0.1538964927383405,0.0
5.681046715241543,-0.4267840565717505,0.0,0.0,0.25423431251702816,-0.15424477223695676,0.0
5.694136684631499,-0.42817132262575563,0.0,0.0,0.25710293250701,-0.1546075338790966,0.0
5.707226654021457,-0.42929700325654685,0.0,0.0,0.2599627212335745,-0.15498500315232924,0.0
5.7203166234114144,-0.4301667648869391,0.0,0.0,0.2628139793315645,-0.15537739955275842,0.0
5.733406592801372,-0.43078495533368094,0.0,0.0,0.2656569865349551,-0.15578493580360517,0.0
5.7464965621913295,-0.4311546487027133,0.0,0.0,0.26849199871312496,-0.15620781688377666,0.0
5.759586531581287,-0.43127767696430447,0.0,0.0,0.2713192444755711,-0.1566462388342969,0.0
5.772676500971245,-0.4311546487027133,0.0,0.0,0.27413892126422507,-0.15710038730375084,0.0
5.785766470361202,-0.43078495533368105,0.0,0.0,0.2769511908359442,-0.15757043578558125,0.0
5.79885643975116,-0.43016676488693917,0.0,0.0,0.27975617401717473,-0.15805654348977147,0.0
5.811946409141117,-0.429297003256547,0.0,0.0,0.2825539445870671,-0.15855885277857534,0.0
5.825036378531075,-0.4281713226257555,0.0,0.0,0.28534452211306377,-0.15907748607981517,0.0
5.838126347921032,-0.42678405657175056,0.0,0.0,0.2881278635222288,-0.15961254217088724,0.0
5.851216317310989,-0.42512816114555235,0.0,0.0,0.2909038531398363,-0.1601640917007365,0.0
5.864306286700947,-0.42319514100004757,0.0,0.0,0.2936722908605539,-0.16073217178397106,0.0
5.877396256090904,-0.42097495940109086,0.0,0.0,0.2964328780323587,-0.16131677945869727,0.0
5.890486225480862,-0.41845593069949405,0.0,0.0,0.2991852005228388,-0.16191786374441836,0.0
5.903576194870819,-0.41562459356233034,0.0,0.0,0.3019287082931264,-0.16253531596415446,0.0
5.916666164260777,-0.4124655629576317,0.0,0.0,0.30466269061443213,-0.16316895789981803,0.0
5.929756133650734,-0.4089613585553501,0.0,0.0,0.3073862458091927,-0.16381852722342227,0.0
5.942846103040692,-0.40509220684885533,0.0,0.0,0.3100982440594277,-0.16448365947701749,0.0
5.955936072430649,-0.40083581391689904,0.0,0.0,0.3127972813648608,-0.16516386564425897,0.0
5.969026041820607,-0.396167105340975,0.0,0.0,0.31548162210315267,-0.16585850404143873,0.0
5.9821160112105645,-0.39105792937766337,0.0,0.0,0.31814912677124013,-0.16656674481917202,0.0
5.995205980600522,-0.38547671907808545,0.0,0.0,0.3207971602614214,-0.16728752475329517,0.0
6.008295949990479,-0.3793881086769431,0.0,0.0,0.3234224742834358,-0.1680194891323718,0.0
6.021385919380436,-0.37275249928888043,0.0,0.0,0.32602105503006096,-0.16876091629239354,0.0
6.034475888770394,-0.36552556882230486,0.0,0.0,0.3285879234997264,-0.16950961850728757,0.0
6.047565858160351,-0.35765772115854844,0.0,0.0,0.3311168703969904,-0.17026281019756936,0.0
6.060655827550309,-0.3490934702074063,0.0,0.0,0.3336000991871692,-0.17101693024723907,0.0
6.073745796940266,-0.3397707556718235,0.0,0.0,0.33602773793929175,-0.17176739874800287,0.0
6.086835766330224,-0.3296201895713634,0.0,0.0,0.33838716005463404,-0.17250827822146397,0.0
6.0999257357201815,-0.3185642362655795,0.0,0.0,0.3406620205505747,-0.1732317926561769,0.0
6.113015705110139,-0.3065163345608874,0.0,0.0,0.34283085859092954,-0.173927629707123,0.0
6.126105674500097,-0.2933799794184983,0.0,0.0,0.34486502015866743,-0.1745819030074137,0.0
6.139195643890054,-0.27904779409499775,0.0,0.0,0.34672548119066154,-0.1751755647536117,0.0
6.152285613280012,-0.2634006429700389,0.0,0.0,0.3483578269710752,-0.17568189646389817,0.0
6.165375582669968,-0.24630686310598235,0.0,0.0,0.3496840067829562,-0.17606238740841804,0.0
6.178465552059926,-0.22762173157876942,0.0,0.0,0.3505881602663294,-0.1762596489323676,0.0
6.191555521449883,-0.20718733917449048,0.0,0.0,0.35089087274199704,-0.17618454329032662,0.0
6.204645490839841,-0.18483311274045983,0.0,0.0,0.35029912439715566,-0.17569115940907584,0.0
6.2177354602297985,-0.16037732135697735,0.0,0.0,0.3483002356059753,-0.17452378662684528,0.0
6.230825429619756,-0.13363001649012157,0.0,0.0,0.3439102549755537,-0.17219110941880672,0.0
6.243915399009714,-0.10439798931459372,0.0,0.0,0.3349763541932421,-0.1676174040405604,0.0
6.257005368399671,-0.0724924654875633,0.0,0.0,0.3157392464374958,-0.1579237397401234,0.0
6.270095337789629,-0.03774036758279079,0.0,0.0,0.26426994812738247,-0.1321462953574005,0.0
